id,exercise_list_id,name,question_id,vestibular,aplicação,ano,number,difficulty,disciplina,tópico,subtópico,posição,gabarito,correct
587,1617,EQUIPE_Y2019S01_EM3_LC_ING_5Q,16853,ENEM-PARTICULAR,ÚNICO,2019,16853,3,Linguagens, Códigos e Suas Tecnologias,C2 - Língua Estrangeira,C2-H5 - Associar vocábulos e expressões de um texto em LEM ao seu tema,1,0,true
587,1617,EQUIPE_Y2019S01_EM3_LC_ING_5Q,16853,ENEM-PARTICULAR,ÚNICO,2019,16853,3,Línguas,Text Comprehension/Compreensão de Texto,Journalistic Articles/Artigos Jornalísticos,1,0,true
587,1617,EQUIPE_Y2019S01_EM3_LC_ING_5Q,16855,ENEM-PARTICULAR,ÚNICO,2019,16855,3,Linguagens, Códigos e Suas Tecnologias,C2 - Língua Estrangeira,C2-H5 - Associar vocábulos e expressões de um texto em LEM ao seu tema,2,0,true
587,1617,EQUIPE_Y2019S01_EM3_LC_ING_5Q,16855,ENEM-PARTICULAR,ÚNICO,2019,16855,3,Línguas,Text Comprehension/Compreensão de Texto,Journalistic Articles/Artigos Jornalísticos,2,0,true
587,1617,EQUIPE_Y2019S01_EM3_LC_ING_5Q,16857,ENEM-PARTICULAR,ÚNICO,2019,16857,4,Línguas,Text Comprehension/Compreensão de Texto,Literature/Literatura,3,1,true
587,1617,EQUIPE_Y2019S01_EM3_LC_ING_5Q,16857,ENEM-PARTICULAR,ÚNICO,2019,16857,4,Linguagens, Códigos e Suas Tecnologias,C2 - Língua Estrangeira,C2-H8 - Reconhecer a importância da produção cultural em LEM como representação da diversidade cultural e linguística,3,1,true
587,1617,EQUIPE_Y2019S01_EM3_LC_ING_5Q,16859,ENEM-PARTICULAR,ÚNICO,2019,16859,3,Linguagens, Códigos e Suas Tecnologias,C2 - Língua Estrangeira,C2-H7 - Relacionar um texto em LEM, as estruturaslinguísticas, sua função e seu uso social,4,2,true
587,1617,EQUIPE_Y2019S01_EM3_LC_ING_5Q,16859,ENEM-PARTICULAR,ÚNICO,2019,16859,3,Línguas,Text Comprehension/Compreensão de Texto,Advertisement/Propaganda,4,2,true
587,1617,EQUIPE_Y2019S01_EM3_LC_ING_5Q,16860,ENEM-PARTICULAR,ÚNICO,2019,16860,3,Linguagens, Códigos e Suas Tecnologias,C2 - Língua Estrangeira,C2-H6 - Utilizar os conhecimentos da LEM e de seus mecanismos como meio de ampliar as possibilidades de acesso a informações, tecnologias e culturas,5,2,true
587,1617,EQUIPE_Y2019S01_EM3_LC_ING_5Q,16860,ENEM-PARTICULAR,ÚNICO,2019,16860,3,Línguas,Text Comprehension/Compreensão de Texto,Journalistic Articles/Artigos Jornalísticos,5,2,true
587,1618,EQUIPE_Y2019S01_EM3_LC_ESP_5Q,16862,ENEM-PARTICULAR,ÚNICO,2019,16862,2,Linguagens, Códigos e Suas Tecnologias,C2 - Língua Estrangeira,C2-H8 - Reconhecer a importância da produção cultural em LEM como representação da diversidade cultural e linguística,1,3,true
587,1618,EQUIPE_Y2019S01_EM3_LC_ESP_5Q,16862,ENEM-PARTICULAR,ÚNICO,2019,16862,2,Línguas,Text Comprehension/Compreensão de Texto,Literature/Literatura,1,3,true
587,1618,EQUIPE_Y2019S01_EM3_LC_ESP_5Q,16863,ENEM-PARTICULAR,ÚNICO,2019,16863,3,Linguagens, Códigos e Suas Tecnologias,C2 - Língua Estrangeira,C2-H5 - Associar vocábulos e expressões de um texto em LEM ao seu tema,2,0,true
587,1618,EQUIPE_Y2019S01_EM3_LC_ESP_5Q,16863,ENEM-PARTICULAR,ÚNICO,2019,16863,3,Línguas,Text Comprehension/Compreensão de Texto,Journalistic Articles/Artigos Jornalísticos,2,0,true
587,1618,EQUIPE_Y2019S01_EM3_LC_ESP_5Q,16865,ENEM-PARTICULAR,ÚNICO,2019,16865,2,Linguagens, Códigos e Suas Tecnologias,C2 - Língua Estrangeira,C2-H8 - Reconhecer a importância da produção cultural em LEM como representação da diversidade cultural e linguística,3,3,true
587,1618,EQUIPE_Y2019S01_EM3_LC_ESP_5Q,16865,ENEM-PARTICULAR,ÚNICO,2019,16865,2,Línguas,Text Comprehension/Compreensão de Texto,Lyrics/Letras de Música,3,3,true
587,1618,EQUIPE_Y2019S01_EM3_LC_ESP_5Q,16866,ENEM-PARTICULAR,ÚNICO,2019,16866,4,Linguagens, Códigos e Suas Tecnologias,C2 - Língua Estrangeira,C2-H7 - Relacionar um texto em LEM, as estruturaslinguísticas, sua função e seu uso social,4,1,true
587,1618,EQUIPE_Y2019S01_EM3_LC_ESP_5Q,16866,ENEM-PARTICULAR,ÚNICO,2019,16866,4,Línguas,Text Comprehension/Compreensão de Texto,Images, Drawings, Graphics and Charts/Imagens, Desenhos, Gráficos e Tabelas,4,1,true
587,1618,EQUIPE_Y2019S01_EM3_LC_ESP_5Q,16868,ENEM-PARTICULAR,ÚNICO,2019,16868,3,Linguagens, Códigos e Suas Tecnologias,C2 - Língua Estrangeira,C2-H5 - Associar vocábulos e expressões de um texto em LEM ao seu tema,5,2,true
587,1618,EQUIPE_Y2019S01_EM3_LC_ESP_5Q,16868,ENEM-PARTICULAR,ÚNICO,2019,16868,3,Línguas,Text Comprehension/Compreensão de Texto,Journalistic Articles/Artigos Jornalísticos,5,2,true
587,1619,EQUIPE_Y2019S01_EM3_LC_POR_40Q,16870,ENEM-PARTICULAR,ÚNICO,2019,16870,3,Português,Interpretação de Textos,Possibilidades de Leitura,1,0,true
587,1619,EQUIPE_Y2019S01_EM3_LC_POR_40Q,16870,ENEM-PARTICULAR,ÚNICO,2019,16870,3,Linguagens, Códigos e Suas Tecnologias,C1 - Informação e Comunicação,C1-H1 - Identificar as diferentes linguagens e seus recursos expressivos como elementos de caracterização dos sistemas de comunicação,1,0,true
587,1619,EQUIPE_Y2019S01_EM3_LC_POR_40Q,16870,ENEM-PARTICULAR,ÚNICO,2019,16870,3,Português,Gramática - Semântica,Figuras de Linguagem,1,0,true
587,1619,EQUIPE_Y2019S01_EM3_LC_POR_40Q,16872,ENEM-PARTICULAR,ÚNICO,2019,16872,2,Linguagens, Códigos e Suas Tecnologias,C5 - Literatura,C5-H16 - Relacionar informações sobre concepções artísticas e procedimentos de construção do texto literário,2,0,true
587,1619,EQUIPE_Y2019S01_EM3_LC_POR_40Q,16872,ENEM-PARTICULAR,ÚNICO,2019,16872,2,Português,Interpretação de Textos,Possibilidades de Leitura,2,0,true
587,1619,EQUIPE_Y2019S01_EM3_LC_POR_40Q,16873,ENEM-PARTICULAR,ÚNICO,2019,16873,2,Linguagens, Códigos e Suas Tecnologias,C5 - Literatura,C5-H15 - Estabelecer relações entre o texto literário e o momento de sua produção, situando aspectos do contexto histórico, social e político,3,0,true
587,1619,EQUIPE_Y2019S01_EM3_LC_POR_40Q,16873,ENEM-PARTICULAR,ÚNICO,2019,16873,2,Português,Literatura,Romantismo,3,0,true
587,1619,EQUIPE_Y2019S01_EM3_LC_POR_40Q,16875,ENEM-PARTICULAR,ÚNICO,2019,16875,2,Português,Interpretação de Textos,Variabilidade Linguística,4,4,true
587,1619,EQUIPE_Y2019S01_EM3_LC_POR_40Q,16875,ENEM-PARTICULAR,ÚNICO,2019,16875,2,Linguagens, Códigos e Suas Tecnologias,C8 - Diversidade Linguística e sua Variação Contextual,C8-H27 - Reconhecer os usos da norma padrão da língua portuguesa nas diferentes situações de comunicação,4,4,true
587,1619,EQUIPE_Y2019S01_EM3_LC_POR_40Q,16876,ENEM-PARTICULAR,ÚNICO,2019,16876,4,Linguagens, Códigos e Suas Tecnologias,C1 - Informação e Comunicação,C1-H1 - Identificar as diferentes linguagens e seus recursos expressivos como elementos de caracterização dos sistemas de comunicação,5,2,true
587,1619,EQUIPE_Y2019S01_EM3_LC_POR_40Q,16876,ENEM-PARTICULAR,ÚNICO,2019,16876,4,Português,Interpretação de Textos,Funções da Linguagem,5,2,true
587,1619,EQUIPE_Y2019S01_EM3_LC_POR_40Q,16877,ENEM-PARTICULAR,ÚNICO,2019,16877,3,Linguagens, Códigos e Suas Tecnologias,C6 -Caracterização, Interpretação, e Funções de Textos-Contextos,C6-H18 - Identificar os elementos que concorrem para a progressão temática e para a organização e estruturação de textosde diferentes gêneros e tipos,6,2,true
587,1619,EQUIPE_Y2019S01_EM3_LC_POR_40Q,16877,ENEM-PARTICULAR,ÚNICO,2019,16877,3,Português,Interpretação de Textos,Tipos e Gêneros Textuais,6,2,true
587,1619,EQUIPE_Y2019S01_EM3_LC_POR_40Q,16878,ENEM-PARTICULAR,ÚNICO,2019,16878,3,Linguagens, Códigos e Suas Tecnologias,C5 - Literatura,C5-H16 - Relacionar informações sobre concepções artísticas e procedimentos de construção do texto literário,7,1,true
587,1619,EQUIPE_Y2019S01_EM3_LC_POR_40Q,16878,ENEM-PARTICULAR,ÚNICO,2019,16878,3,Português,Interpretação de Textos,Recursos Expressivos,7,1,true
587,1619,EQUIPE_Y2019S01_EM3_LC_POR_40Q,16879,ENEM-PARTICULAR,ÚNICO,2019,16879,2,Linguagens, Códigos e Suas Tecnologias,C3 - Linguagens, Códigos e Suas Tecnologias,C3-H9 - Reconhecer as manifestações corporais de movimento como originárias de  necessidades cotidianas de um grupo social,8,4,true
587,1619,EQUIPE_Y2019S01_EM3_LC_POR_40Q,16879,ENEM-PARTICULAR,ÚNICO,2019,16879,2,Português,Interpretação de Textos,Texto e Contexto,8,4,true
587,1619,EQUIPE_Y2019S01_EM3_LC_POR_40Q,16880,ENEM-PARTICULAR,ÚNICO,2019,16880,3,Linguagens, Códigos e Suas Tecnologias,C9 -Tecnologias de Informação e Comunicação (TIC),C9-H28 - Reconhecer a função e o impacto social das diferentes tecnologias da comunicação e informação,9,2,true
587,1619,EQUIPE_Y2019S01_EM3_LC_POR_40Q,16880,ENEM-PARTICULAR,ÚNICO,2019,16880,3,Português,Interpretação de Textos,Tipos e Gêneros Textuais,9,2,true
587,1619,EQUIPE_Y2019S01_EM3_LC_POR_40Q,16881,ENEM-PARTICULAR,ÚNICO,2019,16881,2,Linguagens, Códigos e Suas Tecnologias,C7 - Argumentação,C7-H21 - Reconhecer em textos de diferentes gêneros, recursos verbais e não-verbais utilizados com a finalidade de criar e mudar comportamentos e hábitos,10,0,true
587,1619,EQUIPE_Y2019S01_EM3_LC_POR_40Q,16881,ENEM-PARTICULAR,ÚNICO,2019,16881,2,Português,Interpretação de Textos,Recursos Expressivos,10,0,true
587,1619,EQUIPE_Y2019S01_EM3_LC_POR_40Q,16882,ENEM-PARTICULAR,ÚNICO,2019,16882,2,Linguagens, Códigos e Suas Tecnologias,C6 -Caracterização, Interpretação, e Funções de Textos-Contextos,C6-H19 - Analisar a função da linguagem predominante nos textos em situações específicas de interlocução,11,4,true
587,1619,EQUIPE_Y2019S01_EM3_LC_POR_40Q,16882,ENEM-PARTICULAR,ÚNICO,2019,16882,2,Português,Interpretação de Textos,Funções da Linguagem,11,4,true
587,1619,EQUIPE_Y2019S01_EM3_LC_POR_40Q,16883,ENEM-PARTICULAR,ÚNICO,2019,16883,2,Português,Interpretação de Textos,Possibilidades de Leitura,12,3,true
587,1619,EQUIPE_Y2019S01_EM3_LC_POR_40Q,16883,ENEM-PARTICULAR,ÚNICO,2019,16883,2,Linguagens, Códigos e Suas Tecnologias,C1 - Informação e Comunicação,C1-H4 - Reconhecer posições críticas aos usos sociais que são feitos das linguagens e dos sistemas de comunicação e informação,12,3,true
587,1619,EQUIPE_Y2019S01_EM3_LC_POR_40Q,16884,ENEM-PARTICULAR,ÚNICO,2019,16884,2,Português,Interpretação de Textos,Uso de conectivos,13,4,true
587,1619,EQUIPE_Y2019S01_EM3_LC_POR_40Q,16884,ENEM-PARTICULAR,ÚNICO,2019,16884,2,Linguagens, Códigos e Suas Tecnologias,C8 - Diversidade Linguística e sua Variação Contextual,C8-H27 - Reconhecer os usos da norma padrão da língua portuguesa nas diferentes situações de comunicação,13,4,true
587,1619,EQUIPE_Y2019S01_EM3_LC_POR_40Q,16885,ENEM-PARTICULAR,ÚNICO,2019,16885,4,Linguagens, Códigos e Suas Tecnologias,C1 - Informação e Comunicação,C1-H3 - Relacionar informações geradas nos sistemas de comunicação e informação, considerando a função social desses sistemas,14,2,true
587,1619,EQUIPE_Y2019S01_EM3_LC_POR_40Q,16885,ENEM-PARTICULAR,ÚNICO,2019,16885,4,Português,Interpretação de Textos,Tipos e Gêneros Textuais,14,2,true
587,1619,EQUIPE_Y2019S01_EM3_LC_POR_40Q,16886,ENEM-PARTICULAR,ÚNICO,2019,16886,3,Linguagens, Códigos e Suas Tecnologias,C7 - Argumentação,C7-H22 - Relacionar, em diferentes textos, opiniões, temas, assuntos e recursos linguísticos,15,1,true
587,1619,EQUIPE_Y2019S01_EM3_LC_POR_40Q,16886,ENEM-PARTICULAR,ÚNICO,2019,16886,3,Português,Interpretação de Textos,Recursos Expressivos,15,1,true
587,1619,EQUIPE_Y2019S01_EM3_LC_POR_40Q,16887,ENEM-PARTICULAR,ÚNICO,2019,16887,3,Português,Interpretação de Textos,Charges, Quadrinhos e Imagens,16,0,true
587,1619,EQUIPE_Y2019S01_EM3_LC_POR_40Q,16887,ENEM-PARTICULAR,ÚNICO,2019,16887,3,Linguagens, Códigos e Suas Tecnologias,C7 - Argumentação,C7-H23 - Inferir em um texto quais são os objetivos de seu produtor e quem é seu público alvo, pela análise dos procedimentos argumentativos utilizados,16,0,true
587,1619,EQUIPE_Y2019S01_EM3_LC_POR_40Q,16888,ENEM-PARTICULAR,ÚNICO,2019,16888,3,Linguagens, Códigos e Suas Tecnologias,C6 -Caracterização, Interpretação, e Funções de Textos-Contextos,C6-H19 - Analisar a função da linguagem predominante nos textos em situações específicas de interlocução,17,3,true
587,1619,EQUIPE_Y2019S01_EM3_LC_POR_40Q,16888,ENEM-PARTICULAR,ÚNICO,2019,16888,3,Português,Interpretação de Textos,Funções da Linguagem,17,3,true
587,1619,EQUIPE_Y2019S01_EM3_LC_POR_40Q,16982,ENEM-PARTICULAR,ÚNICO,2019,16982,3,Linguagens, Códigos e Suas Tecnologias,C8 - Diversidade Linguística e sua Variação Contextual,C8-H26 - Relacionar as variedades lingüísticas a situações específicas de uso social,18,4,true
587,1619,EQUIPE_Y2019S01_EM3_LC_POR_40Q,16982,ENEM-PARTICULAR,ÚNICO,2019,16982,3,Português,Interpretação de Textos,Variabilidade Linguística,18,4,true
587,1619,EQUIPE_Y2019S01_EM3_LC_POR_40Q,16889,ENEM-PARTICULAR,ÚNICO,2019,16889,3,Linguagens, Códigos e Suas Tecnologias,C3 - Linguagens, Códigos e Suas Tecnologias,C3-H10 - Reconhecer a necessidade de transformação de hábitos corporais em função das necessidades cinestésicas,19,0,true
587,1619,EQUIPE_Y2019S01_EM3_LC_POR_40Q,16889,ENEM-PARTICULAR,ÚNICO,2019,16889,3,Português,Interpretação de Textos,Charges, Quadrinhos e Imagens,19,0,true
587,1619,EQUIPE_Y2019S01_EM3_LC_POR_40Q,16890,ENEM-PARTICULAR,ÚNICO,2019,16890,2,Linguagens, Códigos e Suas Tecnologias,C9 -Tecnologias de Informação e Comunicação (TIC),C9-H30 - Relacionar as tecnologias de comunicação e informação ao desenvolvimento das sociedades e ao conhecimento que elas produzem,20,3,true
587,1619,EQUIPE_Y2019S01_EM3_LC_POR_40Q,16890,ENEM-PARTICULAR,ÚNICO,2019,16890,2,Português,Interpretação de Textos,Texto e Tecnologia,20,3,true
587,1619,EQUIPE_Y2019S01_EM3_LC_POR_40Q,16891,ENEM-PARTICULAR,ÚNICO,2019,16891,2,Linguagens, Códigos e Suas Tecnologias,C5 - Literatura,C5-H16 - Relacionar informações sobre concepções artísticas e procedimentos de construção do texto literário,21,4,true
587,1619,EQUIPE_Y2019S01_EM3_LC_POR_40Q,16891,ENEM-PARTICULAR,ÚNICO,2019,16891,2,Português,Literatura,Classicismo,21,4,true
587,1619,EQUIPE_Y2019S01_EM3_LC_POR_40Q,16892,ENEM-PARTICULAR,ÚNICO,2019,16892,3,Linguagens, Códigos e Suas Tecnologias,C6 -Caracterização, Interpretação, e Funções de Textos-Contextos,C6-H19 - Analisar a função da linguagem predominante nos textos em situações específicas de interlocução,22,2,true
587,1619,EQUIPE_Y2019S01_EM3_LC_POR_40Q,16892,ENEM-PARTICULAR,ÚNICO,2019,16892,3,Português,Interpretação de Textos,Possibilidades de Leitura,22,2,true
587,1619,EQUIPE_Y2019S01_EM3_LC_POR_40Q,16893,ENEM-PARTICULAR,ÚNICO,2019,16893,2,Linguagens, Códigos e Suas Tecnologias,C3 - Linguagens, Códigos e Suas Tecnologias,C3-H11 - Reconhecer a linguagem corporal como meio de interação social, considerando os limites de desempenho e as alternativas de adaptação para diferentes indivíduos,23,1,true
587,1619,EQUIPE_Y2019S01_EM3_LC_POR_40Q,16893,ENEM-PARTICULAR,ÚNICO,2019,16893,2,Português,Interpretação de Textos,Possibilidades de Leitura,23,1,true
587,1619,EQUIPE_Y2019S01_EM3_LC_POR_40Q,16894,ENEM-PARTICULAR,ÚNICO,2019,16894,2,Português,Interpretação de Textos,Possibilidades de Leitura,24,2,true
587,1619,EQUIPE_Y2019S01_EM3_LC_POR_40Q,16894,ENEM-PARTICULAR,ÚNICO,2019,16894,2,Linguagens, Códigos e Suas Tecnologias,C3 - Linguagens, Códigos e Suas Tecnologias,C3-H9 - Reconhecer as manifestações corporais de movimento como originárias de  necessidades cotidianas de um grupo social,24,2,true
587,1619,EQUIPE_Y2019S01_EM3_LC_POR_40Q,16895,ENEM-PARTICULAR,ÚNICO,2019,16895,2,Linguagens, Códigos e Suas Tecnologias,C6 -Caracterização, Interpretação, e Funções de Textos-Contextos,C6-H19 - Analisar a função da linguagem predominante nos textos em situações específicas de interlocução,25,0,true
587,1619,EQUIPE_Y2019S01_EM3_LC_POR_40Q,16895,ENEM-PARTICULAR,ÚNICO,2019,16895,2,Português,Interpretação de Textos,Funções da Linguagem,25,0,true
587,1619,EQUIPE_Y2019S01_EM3_LC_POR_40Q,16896,ENEM-PARTICULAR,ÚNICO,2019,16896,3,Linguagens, Códigos e Suas Tecnologias,C6 -Caracterização, Interpretação, e Funções de Textos-Contextos,C6-H20 - Reconhecer a importância do patrimônio linguístico para a preservação da memória e da identidade nacional,26,3,true
587,1619,EQUIPE_Y2019S01_EM3_LC_POR_40Q,16896,ENEM-PARTICULAR,ÚNICO,2019,16896,3,Português,Interpretação de Textos,Possibilidades de Leitura,26,3,true
587,1619,EQUIPE_Y2019S01_EM3_LC_POR_40Q,16897,ENEM-PARTICULAR,ÚNICO,2019,16897,2,Português,Interpretação de Textos,Diálogos de Diferentes Linguagens,27,2,true
587,1619,EQUIPE_Y2019S01_EM3_LC_POR_40Q,16897,ENEM-PARTICULAR,ÚNICO,2019,16897,2,Linguagens, Códigos e Suas Tecnologias,C8 - Diversidade Linguística e sua Variação Contextual,C8-H26 - Relacionar as variedades lingüísticas a situações específicas de uso social,27,2,true
587,1619,EQUIPE_Y2019S01_EM3_LC_POR_40Q,16898,ENEM-PARTICULAR,ÚNICO,2019,16898,2,Linguagens, Códigos e Suas Tecnologias,C7 - Argumentação,C7-H21 - Reconhecer em textos de diferentes gêneros, recursos verbais e não-verbais utilizados com a finalidade de criar e mudar comportamentos e hábitos,28,2,true
587,1619,EQUIPE_Y2019S01_EM3_LC_POR_40Q,16898,ENEM-PARTICULAR,ÚNICO,2019,16898,2,Português,Interpretação de Textos,Diálogos de Diferentes Linguagens,28,2,true
587,1619,EQUIPE_Y2019S01_EM3_LC_POR_40Q,16899,ENEM-PARTICULAR,ÚNICO,2019,16899,3,Linguagens, Códigos e Suas Tecnologias,C1 - Informação e Comunicação,C1-H3 - Relacionar informações geradas nos sistemas de comunicação e informação, considerando a função social desses sistemas,29,1,true
587,1619,EQUIPE_Y2019S01_EM3_LC_POR_40Q,16899,ENEM-PARTICULAR,ÚNICO,2019,16899,3,Português,Interpretação de Textos,Recursos Expressivos,29,1,true
587,1619,EQUIPE_Y2019S01_EM3_LC_POR_40Q,16900,ENEM-PARTICULAR,ÚNICO,2019,16900,3,Linguagens, Códigos e Suas Tecnologias,C8 - Diversidade Linguística e sua Variação Contextual,C8-H27 - Reconhecer os usos da norma padrão da língua portuguesa nas diferentes situações de comunicação,30,0,true
587,1619,EQUIPE_Y2019S01_EM3_LC_POR_40Q,16900,ENEM-PARTICULAR,ÚNICO,2019,16900,3,Português,Interpretação de Textos,Possibilidades de Leitura,30,0,true
587,1619,EQUIPE_Y2019S01_EM3_LC_POR_40Q,16901,ENEM-PARTICULAR,ÚNICO,2019,16901,2,Linguagens, Códigos e Suas Tecnologias,C1 - Informação e Comunicação,C1-H4 - Reconhecer posições críticas aos usos sociais que são feitos das linguagens e dos sistemas de comunicação e informação,31,1,true
587,1619,EQUIPE_Y2019S01_EM3_LC_POR_40Q,16901,ENEM-PARTICULAR,ÚNICO,2019,16901,2,Português,Interpretação de Textos,Texto e Contexto,31,1,true
587,1619,EQUIPE_Y2019S01_EM3_LC_POR_40Q,16902,ENEM-PARTICULAR,ÚNICO,2019,16902,3,Linguagens, Códigos e Suas Tecnologias,C5 - Literatura,C5-H17 - Reconhecer a presença de valores sociais e humanos atualizáveis e permanentes no patrimônio literário nacional,32,0,true
587,1619,EQUIPE_Y2019S01_EM3_LC_POR_40Q,16902,ENEM-PARTICULAR,ÚNICO,2019,16902,3,Português,Interpretação de Textos,Texto e Contexto,32,0,true
587,1619,EQUIPE_Y2019S01_EM3_LC_POR_40Q,16903,ENEM-PARTICULAR,ÚNICO,2019,16903,4,Linguagens, Códigos e Suas Tecnologias,C1 - Informação e Comunicação,C1-H2 - Recorrer aos conhecimentos sobre as linguagens dos sistemas de comunicação e informação para resolver problemas sociais,33,3,true
587,1619,EQUIPE_Y2019S01_EM3_LC_POR_40Q,16903,ENEM-PARTICULAR,ÚNICO,2019,16903,4,Português,Interpretação de Textos,Possibilidades de Leitura,33,3,true
587,1619,EQUIPE_Y2019S01_EM3_LC_POR_40Q,16904,ENEM-PARTICULAR,ÚNICO,2019,16904,2,Português,Interpretação de Textos,Possibilidades de Leitura,34,1,true
587,1619,EQUIPE_Y2019S01_EM3_LC_POR_40Q,16904,ENEM-PARTICULAR,ÚNICO,2019,16904,2,Linguagens, Códigos e Suas Tecnologias,C8 - Diversidade Linguística e sua Variação Contextual,C8-H27 - Reconhecer os usos da norma padrão da língua portuguesa nas diferentes situações de comunicação,34,1,true
587,1619,EQUIPE_Y2019S01_EM3_LC_POR_40Q,16904,ENEM-PARTICULAR,ÚNICO,2019,16904,2,Português,Gramática - Morfologia,Artigo,34,1,true
587,1619,EQUIPE_Y2019S01_EM3_LC_POR_40Q,16905,ENEM-PARTICULAR,ÚNICO,2019,16905,3,Português,Interpretação de Textos,Texto e Contexto,35,0,true
587,1619,EQUIPE_Y2019S01_EM3_LC_POR_40Q,16905,ENEM-PARTICULAR,ÚNICO,2019,16905,3,Linguagens, Códigos e Suas Tecnologias,C4 - Comunicação via Arte,C4-H12 - Reconhecer diferentes funções da arte, do trabalho da produção dos artistas em  seus meios culturais,35,0,true
587,1619,EQUIPE_Y2019S01_EM3_LC_POR_40Q,16906,ENEM-PARTICULAR,ÚNICO,2019,16906,4,Português,Interpretação de Textos,Texto e Tecnologia,36,3,true
587,1619,EQUIPE_Y2019S01_EM3_LC_POR_40Q,16906,ENEM-PARTICULAR,ÚNICO,2019,16906,4,Linguagens, Códigos e Suas Tecnologias,C9 -Tecnologias de Informação e Comunicação (TIC),C9-H30 - Relacionar as tecnologias de comunicação e informação ao desenvolvimento das sociedades e ao conhecimento que elas produzem,36,3,true
587,1619,EQUIPE_Y2019S01_EM3_LC_POR_40Q,16907,ENEM-PARTICULAR,ÚNICO,2019,16907,2,Linguagens, Códigos e Suas Tecnologias,C8 - Diversidade Linguística e sua Variação Contextual,C8-H25 - Identificar, em textos de diferentes gêneros, as marcas linguísticas que singularizam as variedades linguísticas sociais, regionais e de registro,37,0,true
587,1619,EQUIPE_Y2019S01_EM3_LC_POR_40Q,16907,ENEM-PARTICULAR,ÚNICO,2019,16907,2,Português,Interpretação de Textos,Variabilidade Linguística,37,0,true
587,1619,EQUIPE_Y2019S01_EM3_LC_POR_40Q,16908,ENEM-PARTICULAR,ÚNICO,2019,16908,2,Linguagens, Códigos e Suas Tecnologias,C7 - Argumentação,C7-H24 - Reconhecer no texto estratégias argumentativas empregadas para o convencimento do público, tais como a intimidação, sedução, comoção, chantagem, entre outras,38,3,true
587,1619,EQUIPE_Y2019S01_EM3_LC_POR_40Q,16908,ENEM-PARTICULAR,ÚNICO,2019,16908,2,Português,Interpretação de Textos,Charges, Quadrinhos e Imagens,38,3,true
587,1619,EQUIPE_Y2019S01_EM3_LC_POR_40Q,16909,ENEM-PARTICULAR,ÚNICO,2019,16909,4,Português,Interpretação de Textos,Texto e Tecnologia,39,0,true
587,1619,EQUIPE_Y2019S01_EM3_LC_POR_40Q,16909,ENEM-PARTICULAR,ÚNICO,2019,16909,4,Linguagens, Códigos e Suas Tecnologias,C4 - Comunicação via Arte,C4-H13 - Analisar as diversas produções artísticas como meio de explicar diferentes culturas, padrões de beleza e preconceitos,39,0,true
587,1619,EQUIPE_Y2019S01_EM3_LC_POR_40Q,16910,ENEM-PARTICULAR,ÚNICO,2019,16910,2,Linguagens, Códigos e Suas Tecnologias,C4 - Comunicação via Arte,C4-H14 - Reconhecer o valor da diversidade artística e das inter-relações de elementos que se apresentam nas manifestações de vários grupos sociais e étnicos,40,2,true
587,1619,EQUIPE_Y2019S01_EM3_LC_POR_40Q,16910,ENEM-PARTICULAR,ÚNICO,2019,16910,2,Português,Interpretação de Textos,Texto e Contexto,40,2,true
587,1620,EQUIPE_Y2019S01_EM3_CH_45Q,16911,ENEM-PARTICULAR,ÚNICO,2019,16911,4,Ciências Humanas e suas Tecnologias,C2 - Geopolítica,C2-H7 - Identificar os significados histórico-geográficos das relações de poder entre as nações,1,3,true
587,1620,EQUIPE_Y2019S01_EM3_CH_45Q,16911,ENEM-PARTICULAR,ÚNICO,2019,16911,4,Geografia,Território e Geopolítica,Conflitos Regionais,1,3,true
587,1620,EQUIPE_Y2019S01_EM3_CH_45Q,16912,ENEM-PARTICULAR,ÚNICO,2019,16912,4,Ciências Humanas e suas Tecnologias,C2 - Geopolítica,C2-H8 - Analisar a ação dos estados nacionais no que se refere à dinâmica dos fluxos populacionais e no enfrentamento de problemas de ordem econômico-social,2,0,true
587,1620,EQUIPE_Y2019S01_EM3_CH_45Q,16912,ENEM-PARTICULAR,ÚNICO,2019,16912,4,Geografia,População,Mobilidade Demográfica no Brasil,2,0,true
587,1620,EQUIPE_Y2019S01_EM3_CH_45Q,16913,ENEM-PARTICULAR,ÚNICO,2019,16913,3,Ciências Humanas e suas Tecnologias,C6 - Questões Socioambientais,C6-H30 - Avaliar as relações entre preservação e degradação da vida no planeta nas diferentes escalas,3,3,true
587,1620,EQUIPE_Y2019S01_EM3_CH_45Q,16913,ENEM-PARTICULAR,ÚNICO,2019,16913,3,Geografia,Impactos Ambientais,Aquecimento Global,3,3,true
587,1620,EQUIPE_Y2019S01_EM3_CH_45Q,16914,ENEM-PARTICULAR,ÚNICO,2019,16914,2,Ciências Humanas e suas Tecnologias,C4 - Revolução Técnico- Científica,C4-H18 - Analisar diferentes processos de produção ou circulação de riquezas e suas implicações sócio-espaciais,4,0,true
587,1620,EQUIPE_Y2019S01_EM3_CH_45Q,16914,ENEM-PARTICULAR,ÚNICO,2019,16914,2,Geografia,População,Fatores da Dinâmica Demográfica,4,0,true
587,1620,EQUIPE_Y2019S01_EM3_CH_45Q,16915,ENEM-PARTICULAR,ÚNICO,2019,16915,3,Ciências Humanas e suas Tecnologias,C2 - Geopolítica,C2-H6 - Interpretar diferentes representações gráficas e cartográficas dos espaços geográficos,5,0,true
587,1620,EQUIPE_Y2019S01_EM3_CH_45Q,16915,ENEM-PARTICULAR,ÚNICO,2019,16915,3,Geografia,População,Fatores da Dinâmica Demográfica,5,0,true
587,1620,EQUIPE_Y2019S01_EM3_CH_45Q,16916,ENEM-PARTICULAR,ÚNICO,2019,16916,4,Ciências Humanas e suas Tecnologias,C4 - Revolução Técnico- Científica,C4-H17 - Analisar fatores que explicam o impacto das novas tecnologias no processo de territorialização da produção,6,1,true
587,1620,EQUIPE_Y2019S01_EM3_CH_45Q,16916,ENEM-PARTICULAR,ÚNICO,2019,16916,4,Geografia,Agropecuária,Tecnologia e Produção no Campo,6,1,true
587,1620,EQUIPE_Y2019S01_EM3_CH_45Q,16917,ENEM-PARTICULAR,ÚNICO,2019,16917,2,Ciências Humanas e suas Tecnologias,C3 - Instituições, Poder e Conflitos,C3-H15 - Avaliar criticamente conflitos culturais, sociais, políticos, econômicos ou ambientais ao longo da história,7,4,true
587,1620,EQUIPE_Y2019S01_EM3_CH_45Q,16917,ENEM-PARTICULAR,ÚNICO,2019,16917,2,Geografia,Território e Geopolítica,Conflitos Regionais,7,4,true
587,1620,EQUIPE_Y2019S01_EM3_CH_45Q,16918,ENEM-PARTICULAR,ÚNICO,2019,16918,2,Ciências Humanas e suas Tecnologias,C2 - Geopolítica,C2-H8 - Analisar a ação dos estados nacionais no que se refere à dinâmica dos fluxos populacionais e no enfrentamento de problemas de ordem econômico-social,8,0,true
587,1620,EQUIPE_Y2019S01_EM3_CH_45Q,16918,ENEM-PARTICULAR,ÚNICO,2019,16918,2,Geografia,Fluxos, Redes e Economia,Ordem Econômica Mundial,8,0,true
587,1620,EQUIPE_Y2019S01_EM3_CH_45Q,16919,ENEM-PARTICULAR,ÚNICO,2019,16919,3,Ciências Humanas e suas Tecnologias,C2 - Geopolítica,C2-H8 - Analisar a ação dos estados nacionais no que se refere à dinâmica dos fluxos populacionais e no enfrentamento de problemas de ordem econômico-social,9,2,true
587,1620,EQUIPE_Y2019S01_EM3_CH_45Q,16919,ENEM-PARTICULAR,ÚNICO,2019,16919,3,Geografia,População,Mobilidade Demográfica no Brasil,9,2,true
587,1620,EQUIPE_Y2019S01_EM3_CH_45Q,16920,ENEM-PARTICULAR,ÚNICO,2019,16920,2,Ciências Humanas e suas Tecnologias,C5 - Sociologia, Democracia e Cidadania,C5-H24 - Relacionar cidadania e democracia na organização das sociedades,10,0,true
587,1620,EQUIPE_Y2019S01_EM3_CH_45Q,16920,ENEM-PARTICULAR,ÚNICO,2019,16920,2,História,História do Brasil Independente,República Velha,10,0,true
587,1620,EQUIPE_Y2019S01_EM3_CH_45Q,16921,ENEM-PARTICULAR,ÚNICO,2019,16921,2,Ciências Humanas e suas Tecnologias,C5 - Sociologia, Democracia e Cidadania,C5-H21 - Identificar o papel dos meios de comunicação na construção da vida social,11,0,true
587,1620,EQUIPE_Y2019S01_EM3_CH_45Q,16921,ENEM-PARTICULAR,ÚNICO,2019,16921,2,Filosofia,Filosofia do século XIX,Karl Marx,11,0,true
587,1620,EQUIPE_Y2019S01_EM3_CH_45Q,16922,ENEM-PARTICULAR,ÚNICO,2019,16922,2,Ciências Humanas e suas Tecnologias,C4 - Revolução Técnico- Científica,C4-H16 - Identificar registros sobre o papel das técnicas e tecnologias na organização do trabalho e/ou da vida social,12,4,true
587,1620,EQUIPE_Y2019S01_EM3_CH_45Q,16922,ENEM-PARTICULAR,ÚNICO,2019,16922,2,História,História Moderna,Da Manufatura à Revolução Industrial Inglesa,12,4,true
587,1620,EQUIPE_Y2019S01_EM3_CH_45Q,16923,ENEM-PARTICULAR,ÚNICO,2019,16923,3,Ciências Humanas e suas Tecnologias,C2 - Geopolítica,C2-H7 - Identificar os significados histórico-geográficos das relações de poder entre as nações,13,2,true
587,1620,EQUIPE_Y2019S01_EM3_CH_45Q,16923,ENEM-PARTICULAR,ÚNICO,2019,16923,3,História,História Contemporânea,Revoluções na América Latina,13,2,true
587,1620,EQUIPE_Y2019S01_EM3_CH_45Q,16924,ENEM-PARTICULAR,ÚNICO,2019,16924,2,Ciências Humanas e suas Tecnologias,C3 - Instituições, Poder e Conflitos,C3-H11 - Identificar registros de práticas de grupos sociais no tempo e no espaço,14,3,true
587,1620,EQUIPE_Y2019S01_EM3_CH_45Q,16924,ENEM-PARTICULAR,ÚNICO,2019,16924,2,História,História Contemporânea,Totalitarismos,14,3,true
587,1620,EQUIPE_Y2019S01_EM3_CH_45Q,16925,ENEM-PARTICULAR,ÚNICO,2019,16925,3,Ciências Humanas e suas Tecnologias,C2 - Geopolítica,C2-H8 - Analisar a ação dos estados nacionais no que se refere à dinâmica dos fluxos populacionais e no enfrentamento de problemas de ordem econômico-social,15,0,true
587,1620,EQUIPE_Y2019S01_EM3_CH_45Q,16925,ENEM-PARTICULAR,ÚNICO,2019,16925,3,História,História Contemporânea,Imperialismo e Neocolonialismo,15,0,true
587,1620,EQUIPE_Y2019S01_EM3_CH_45Q,16926,ENEM-PARTICULAR,ÚNICO,2019,16926,4,Ciências Humanas e suas Tecnologias,C5 - Sociologia, Democracia e Cidadania,C5-H22 - Analisar as lutas sociais e conquistas obtidas no que se refere às mudanças nas legislações ou nas políticas públicas,16,1,true
587,1620,EQUIPE_Y2019S01_EM3_CH_45Q,16926,ENEM-PARTICULAR,ÚNICO,2019,16926,4,História,História do Brasil Independente,Primeiro Reinado e Regência,16,1,true
587,1620,EQUIPE_Y2019S01_EM3_CH_45Q,16927,ENEM-PARTICULAR,ÚNICO,2019,16927,3,Ciências Humanas e suas Tecnologias,C1 - História da Formação Cultural ,C1-H5 - Identificar as manifestações ou representações da diversidade do patrimônio cultural e artístico em diferentes sociedades,17,4,true
587,1620,EQUIPE_Y2019S01_EM3_CH_45Q,16927,ENEM-PARTICULAR,ÚNICO,2019,16927,3,História,História do Brasil Colonial,Cultura no Brasil Colonial,17,4,true
587,1620,EQUIPE_Y2019S01_EM3_CH_45Q,16928,ENEM-PARTICULAR,ÚNICO,2019,16928,2,Ciências Humanas e suas Tecnologias,C1 - História da Formação Cultural ,C1-H1 - Interpretar historicamente e/ou geograficamente fontes documentais acerca de aspectos da cultura,18,3,true
587,1620,EQUIPE_Y2019S01_EM3_CH_45Q,16928,ENEM-PARTICULAR,ÚNICO,2019,16928,2,História,História do Brasil Colonial,Cultura no Brasil Colonial,18,3,true
587,1620,EQUIPE_Y2019S01_EM3_CH_45Q,16929,ENEM-PARTICULAR,ÚNICO,2019,16929,3,História,Pré-História,Pré-História,19,1,true
587,1620,EQUIPE_Y2019S01_EM3_CH_45Q,16929,ENEM-PARTICULAR,ÚNICO,2019,16929,3,Ciências Humanas e suas Tecnologias,C1 - História da Formação Cultural ,C1-H5 - Identificar as manifestações ou representações da diversidade do patrimônio cultural e artístico em diferentes sociedades,19,1,true
587,1620,EQUIPE_Y2019S01_EM3_CH_45Q,16930,ENEM-PARTICULAR,ÚNICO,2019,16930,3,Ciências Humanas e suas Tecnologias,C6 - Questões Socioambientais,C6-H30 - Avaliar as relações entre preservação e degradação da vida no planeta nas diferentes escalas,20,2,true
587,1620,EQUIPE_Y2019S01_EM3_CH_45Q,16930,ENEM-PARTICULAR,ÚNICO,2019,16930,3,Geografia,Climatologia,Dinâmica Climática,20,2,true
587,1620,EQUIPE_Y2019S01_EM3_CH_45Q,16931,ENEM-PARTICULAR,ÚNICO,2019,16931,4,Ciências Humanas e suas Tecnologias,C2 - Geopolítica,C2-H7 - Identificar os significados histórico-geográficos das relações de poder entre as nações,21,0,true
587,1620,EQUIPE_Y2019S01_EM3_CH_45Q,16931,ENEM-PARTICULAR,ÚNICO,2019,16931,4,Geografia,Território e Geopolítica,Geopolítica do Petróleo e Recursos Energéticos,21,0,true
587,1620,EQUIPE_Y2019S01_EM3_CH_45Q,16932,ENEM-PARTICULAR,ÚNICO,2019,16932,3,Ciências Humanas e suas Tecnologias,C2 - Geopolítica,C2-H8 - Analisar a ação dos estados nacionais no que se refere à dinâmica dos fluxos populacionais e no enfrentamento de problemas de ordem econômico-social,22,3,true
587,1620,EQUIPE_Y2019S01_EM3_CH_45Q,16932,ENEM-PARTICULAR,ÚNICO,2019,16932,3,Geografia,Fluxos, Redes e Economia,Telecomunicações e Transportes,22,3,true
587,1620,EQUIPE_Y2019S01_EM3_CH_45Q,16933,ENEM-PARTICULAR,ÚNICO,2019,16933,3,Geografia,Geologia,Estrutura Interna da Terra,23,0,true
587,1620,EQUIPE_Y2019S01_EM3_CH_45Q,16933,ENEM-PARTICULAR,ÚNICO,2019,16933,3,Ciências Humanas e suas Tecnologias,C6 - Questões Socioambientais,C6-H26 - Identificar em fontes diversas o processo de ocupação dos meios físicos e as relações da vida humana com a paisagem,23,0,true
587,1620,EQUIPE_Y2019S01_EM3_CH_45Q,16934,ENEM-PARTICULAR,ÚNICO,2019,16934,2,Ciências Humanas e suas Tecnologias,C6 - Questões Socioambientais,C6-H30 - Avaliar as relações entre preservação e degradação da vida no planeta nas diferentes escalas,24,4,true
587,1620,EQUIPE_Y2019S01_EM3_CH_45Q,16934,ENEM-PARTICULAR,ÚNICO,2019,16934,2,Geografia,Impactos Ambientais,Desenvolvimento Sustentável,24,4,true
587,1620,EQUIPE_Y2019S01_EM3_CH_45Q,16935,ENEM-PARTICULAR,ÚNICO,2019,16935,3,Ciências Humanas e suas Tecnologias,C4 - Revolução Técnico- Científica,C4-H19 - Reconhecer as transformações técnicas e tecnológicas que determinam as várias formas de uso e apropriação dos espaços rural e urbano,25,0,true
587,1620,EQUIPE_Y2019S01_EM3_CH_45Q,16935,ENEM-PARTICULAR,ÚNICO,2019,16935,3,Geografia,Espaço e Sociedade,Urbano x Rural,25,0,true
587,1620,EQUIPE_Y2019S01_EM3_CH_45Q,16962,ENEM-PARTICULAR,ÚNICO,2019,16962,4,História,História Contemporânea,Revolução Francesa,26,1,true
587,1620,EQUIPE_Y2019S01_EM3_CH_45Q,16962,ENEM-PARTICULAR,ÚNICO,2019,16962,4,Ciências Humanas e suas Tecnologias,C3 - Instituições, Poder e Conflitos,C3-H13 - Analisar a atuação dos movimentos sociais que contribuíram para mudanças ou rupturas em processos de disputa pelo poder,26,1,true
587,1620,EQUIPE_Y2019S01_EM3_CH_45Q,16963,ENEM-PARTICULAR,ÚNICO,2019,16963,3,Geografia,Impactos Ambientais,Aquecimento Global,27,3,true
587,1620,EQUIPE_Y2019S01_EM3_CH_45Q,16963,ENEM-PARTICULAR,ÚNICO,2019,16963,3,Ciências Humanas e suas Tecnologias,C6 - Questões Socioambientais,C6-H29 - Reconhecer a função dos recursos naturais na produção do espaço geográfico, relacionando-os com as mudanças provocadas pelas ações humanas,27,3,true
587,1620,EQUIPE_Y2019S01_EM3_CH_45Q,16964,ENEM-PARTICULAR,ÚNICO,2019,16964,3,História,História do Brasil Independente,Problemas atuais do Brasil,28,4,true
587,1620,EQUIPE_Y2019S01_EM3_CH_45Q,16964,ENEM-PARTICULAR,ÚNICO,2019,16964,3,Ciências Humanas e suas Tecnologias,C5 - Sociologia, Democracia e Cidadania,C5-H25 - Identificar estratégias que promovam formas de inclusão social,28,4,true
587,1620,EQUIPE_Y2019S01_EM3_CH_45Q,16965,ENEM-PARTICULAR,ÚNICO,2019,16965,4,História,História Antiga,Cultura Grega,29,2,true
587,1620,EQUIPE_Y2019S01_EM3_CH_45Q,16965,ENEM-PARTICULAR,ÚNICO,2019,16965,4,Ciências Humanas e suas Tecnologias,C1 - História da Formação Cultural ,C1-H4 - Comparar pontos de vista expressos em diferentes fontes sobre determinado aspecto da cultura,29,2,true
587,1620,EQUIPE_Y2019S01_EM3_CH_45Q,16966,ENEM-PARTICULAR,ÚNICO,2019,16966,3,Ciências Humanas e suas Tecnologias,C1 - História da Formação Cultural ,C1-H1 - Interpretar historicamente e/ou geograficamente fontes documentais acerca de aspectos da cultura,30,2,true
587,1620,EQUIPE_Y2019S01_EM3_CH_45Q,16966,ENEM-PARTICULAR,ÚNICO,2019,16966,3,Filosofia,Filosofia Moderna (Séculos XVII e XVIII),Descartes,30,2,true
587,1620,EQUIPE_Y2019S01_EM3_CH_45Q,16967,ENEM-PARTICULAR,ÚNICO,2019,16967,3,Ciências Humanas e suas Tecnologias,C1 - História da Formação Cultural ,C1-H3 - Associar as manifestações culturais do presente aos seus processos históricos,31,4,true
587,1620,EQUIPE_Y2019S01_EM3_CH_45Q,16967,ENEM-PARTICULAR,ÚNICO,2019,16967,3,História,História do Brasil Colonial,Cultura no Brasil Colonial,31,4,true
587,1620,EQUIPE_Y2019S01_EM3_CH_45Q,16968,ENEM-PARTICULAR,ÚNICO,2019,16968,2,História,História Medieval,História da África Pré-colonial,32,4,true
587,1620,EQUIPE_Y2019S01_EM3_CH_45Q,16968,ENEM-PARTICULAR,ÚNICO,2019,16968,2,Ciências Humanas e suas Tecnologias,C3 - Instituições, Poder e Conflitos,C3-H11 - Identificar registros de práticas de grupos sociais no tempo e no espaço,32,4,true
587,1620,EQUIPE_Y2019S01_EM3_CH_45Q,16969,ENEM-PARTICULAR,ÚNICO,2019,16969,4,Ciências Humanas e suas Tecnologias,C1 - História da Formação Cultural ,C1-H2 - Analisar a produção da memória pelas sociedades humanas,33,3,true
587,1620,EQUIPE_Y2019S01_EM3_CH_45Q,16969,ENEM-PARTICULAR,ÚNICO,2019,16969,4,História,História do Brasil Independente,Governo Vargas (1930-1945),33,3,true
587,1620,EQUIPE_Y2019S01_EM3_CH_45Q,16970,ENEM-PARTICULAR,ÚNICO,2019,16970,3,Ciências Humanas e suas Tecnologias,C3 - Instituições, Poder e Conflitos,C3-H12 - Analisar o papel da justiça como instituição na organização das sociedades,34,2,true
587,1620,EQUIPE_Y2019S01_EM3_CH_45Q,16970,ENEM-PARTICULAR,ÚNICO,2019,16970,3,História,História do Brasil Independente,Problemas atuais do Brasil,34,2,true
587,1620,EQUIPE_Y2019S01_EM3_CH_45Q,16971,ENEM-PARTICULAR,ÚNICO,2019,16971,3,Ciências Humanas e suas Tecnologias,C2 - Geopolítica,C2-H9 - Comparar o significado histórico-geográfico das organizações políticas e socioeconômicas em escala local, regional ou mundial,35,3,true
587,1620,EQUIPE_Y2019S01_EM3_CH_45Q,16971,ENEM-PARTICULAR,ÚNICO,2019,16971,3,Geografia,Território e Geopolítica,Globalização e Soberania,35,3,true
587,1620,EQUIPE_Y2019S01_EM3_CH_45Q,16972,ENEM-PARTICULAR,ÚNICO,2019,16972,3,Geografia,Representações do Espaço,Fusos Horários,36,0,true
587,1620,EQUIPE_Y2019S01_EM3_CH_45Q,16972,ENEM-PARTICULAR,ÚNICO,2019,16972,3,Ciências Humanas e suas Tecnologias,C2 - Geopolítica,C2-H6 - Interpretar diferentes representações gráficas e cartográficas dos espaços geográficos,36,0,true
587,1620,EQUIPE_Y2019S01_EM3_CH_45Q,16973,ENEM-PARTICULAR,ÚNICO,2019,16973,3,Ciências Humanas e suas Tecnologias,C1 - História da Formação Cultural ,C1-H1 - Interpretar historicamente e/ou geograficamente fontes documentais acerca de aspectos da cultura,37,1,true
587,1620,EQUIPE_Y2019S01_EM3_CH_45Q,16973,ENEM-PARTICULAR,ÚNICO,2019,16973,3,História,História do Brasil Independente,República Velha,37,1,true
587,1620,EQUIPE_Y2019S01_EM3_CH_45Q,16974,ENEM-PARTICULAR,ÚNICO,2019,16974,2,Sociologia,Sociedade Moderna,Relações de Trabalho,38,2,true
587,1620,EQUIPE_Y2019S01_EM3_CH_45Q,16974,ENEM-PARTICULAR,ÚNICO,2019,16974,2,Ciências Humanas e suas Tecnologias,C3 - Instituições, Poder e Conflitos,C3-H14 - Comparar diferentes pontos de vista, presentes em textos analíticos e interpretativos, sobre situação ou fatos de natureza histórico-geográfica acerca das instituições sociais, políticas e econômicas,38,2,true
587,1620,EQUIPE_Y2019S01_EM3_CH_45Q,16975,ENEM-PARTICULAR,ÚNICO,2019,16975,2,Geografia,Impactos Ambientais,Desenvolvimento Sustentável,39,4,true
587,1620,EQUIPE_Y2019S01_EM3_CH_45Q,16975,ENEM-PARTICULAR,ÚNICO,2019,16975,2,Ciências Humanas e suas Tecnologias,C6 - Questões Socioambientais,C6-H28 - Relacionar o uso das tecnologias com os impactos sócio-ambientais em diferentes contextos histórico-geográficos,39,4,true
587,1620,EQUIPE_Y2019S01_EM3_CH_45Q,16976,ENEM-PARTICULAR,ÚNICO,2019,16976,3,História,História do Brasil Colonial,Processo de Independência,40,1,true
587,1620,EQUIPE_Y2019S01_EM3_CH_45Q,16976,ENEM-PARTICULAR,ÚNICO,2019,16976,3,Ciências Humanas e suas Tecnologias,C2 - Geopolítica,C2-H10 - Reconhecer a dinâmica da organização dos movimentos sociais e a importância da participação da coletividade na transformação da realidade histórico-geográfica,40,1,true
587,1620,EQUIPE_Y2019S01_EM3_CH_45Q,16977,ENEM-PARTICULAR,ÚNICO,2019,16977,3,História,História do Brasil Independente,Ditadura Militar: Política e Repressão,41,3,true
587,1620,EQUIPE_Y2019S01_EM3_CH_45Q,16977,ENEM-PARTICULAR,ÚNICO,2019,16977,3,Ciências Humanas e suas Tecnologias,C3 - Instituições, Poder e Conflitos,C3-H14 - Comparar diferentes pontos de vista, presentes em textos analíticos e interpretativos, sobre situação ou fatos de natureza histórico-geográfica acerca das instituições sociais, políticas e econômicas,41,3,true
587,1620,EQUIPE_Y2019S01_EM3_CH_45Q,16978,ENEM-PARTICULAR,ÚNICO,2019,16978,3,Ciências Humanas e suas Tecnologias,C5 - Sociologia, Democracia e Cidadania,C5-H22 - Analisar as lutas sociais e conquistas obtidas no que se refere às mudanças nas legislações ou nas políticas públicas,42,1,true
587,1620,EQUIPE_Y2019S01_EM3_CH_45Q,16978,ENEM-PARTICULAR,ÚNICO,2019,16978,3,História,História do Brasil Independente,Governo Vargas (1930-1945),42,1,true
587,1620,EQUIPE_Y2019S01_EM3_CH_45Q,16979,ENEM-PARTICULAR,ÚNICO,2019,16979,2,Ciências Humanas e suas Tecnologias,C5 - Sociologia, Democracia e Cidadania,C5-H21 - Identificar o papel dos meios de comunicação na construção da vida social,43,3,true
587,1620,EQUIPE_Y2019S01_EM3_CH_45Q,16979,ENEM-PARTICULAR,ÚNICO,2019,16979,2,Sociologia,Questões Culturais, Identidade e cultura,43,3,true
587,1620,EQUIPE_Y2019S01_EM3_CH_45Q,16980,ENEM-PARTICULAR,ÚNICO,2019,16980,2,Ciências Humanas e suas Tecnologias,C5 - Sociologia, Democracia e Cidadania,C5-H23 - Analisar a importância dos valores éticos na estruturação política das sociedades,44,4,true
587,1620,EQUIPE_Y2019S01_EM3_CH_45Q,16980,ENEM-PARTICULAR,ÚNICO,2019,16980,2,Filosofia,Ética,Ética na Cidadania/Política,44,4,true
587,1620,EQUIPE_Y2019S01_EM3_CH_45Q,16981,ENEM-PARTICULAR,ÚNICO,2019,16981,4,Filosofia,Estética,Conceito de Belo,45,1,true
587,1620,EQUIPE_Y2019S01_EM3_CH_45Q,16981,ENEM-PARTICULAR,ÚNICO,2019,16981,4,Ciências Humanas e suas Tecnologias,C1 - História da Formação Cultural ,C1-H1 - Interpretar historicamente e/ou geograficamente fontes documentais acerca de aspectos da cultura,45,1,true
587,1621,EQUIPE_Y2019S01_EM3_CN_45Q,16798,ENEM-PARTICULAR,ÚNICO,2019,16798,2,Ciências da Natureza e suas Tecnologias,C6 - Física,C6-H20 - Caracterizar causas ou efeitos dos movimentos de partículas, substâncias, objetos ou corpos celestes,1,3,true
587,1621,EQUIPE_Y2019S01_EM3_CN_45Q,16798,ENEM-PARTICULAR,ÚNICO,2019,16798,2,Física,Gravitação,Leis de Kepler,1,3,true
587,1621,EQUIPE_Y2019S01_EM3_CN_45Q,16799,ENEM-PARTICULAR,ÚNICO,2019,16799,2,Física,Óptica Geométrica,Ótica do olho humano,2,3,true
587,1621,EQUIPE_Y2019S01_EM3_CN_45Q,16799,ENEM-PARTICULAR,ÚNICO,2019,16799,2,Ciências da Natureza e suas Tecnologias,C6 - Física,C6-H22 - Compreender fenômenos decorrentes da interação entre a radiação e a matéria em suas manifestações em processos naturais ou tecnológicos, ou em suas implicações biológicas,sociais, econômicas ou ambientais,2,3,true
587,1621,EQUIPE_Y2019S01_EM3_CN_45Q,16800,ENEM-PARTICULAR,ÚNICO,2019,16800,2,Ciências da Natureza e suas Tecnologias,C2 - Eletricidade e Consumo Energético,C2-H6 - Relacionar informações para compreender manuais de instalação ou utilização de aparelhos, ou sistemas tecnológicos de uso comum,3,0,true
587,1621,EQUIPE_Y2019S01_EM3_CN_45Q,16800,ENEM-PARTICULAR,ÚNICO,2019,16800,2,Física,Óptica Geométrica,Ótica do olho humano,3,0,true
587,1621,EQUIPE_Y2019S01_EM3_CN_45Q,16802,ENEM-PARTICULAR,ÚNICO,2019,16802,3,Ciências da Natureza e suas Tecnologias,C1 - A Ciência no Cotidiano,C1-H3 - Confrontar interpretações científicas com interpretações baseadas no senso comum, ao longo do tempo ou em diferentes culturas,4,2,true
587,1621,EQUIPE_Y2019S01_EM3_CN_45Q,16802,ENEM-PARTICULAR,ÚNICO,2019,16802,3,Física,Astronomia,Modelos Cosmológicos,4,2,true
587,1621,EQUIPE_Y2019S01_EM3_CN_45Q,16803,ENEM-PARTICULAR,ÚNICO,2019,16803,2,Ciências da Natureza e suas Tecnologias,C6 - Física,C6-H23 - Avaliar possibilidades de geração, uso ou transformação de energia em ambientes específicos, considerando implicações éticas, ambientais, sociais e/ou econômicas,5,1,true
587,1621,EQUIPE_Y2019S01_EM3_CN_45Q,16803,ENEM-PARTICULAR,ÚNICO,2019,16803,2,Física,Energia,Produção de energia - usinas e estações de energia,5,1,true
587,1621,EQUIPE_Y2019S01_EM3_CN_45Q,16805,ENEM-PARTICULAR,ÚNICO,2019,16805,2,Ciências da Natureza e suas Tecnologias,C7 - Química,C7-H25 - Caracterizar materiais ou substâncias, identificando etapas, rendimentos ou implicações biológicas, sociais, econômicas ou ambientais de sua obtenção ou produção,6,2,true
587,1621,EQUIPE_Y2019S01_EM3_CN_45Q,16805,ENEM-PARTICULAR,ÚNICO,2019,16805,2,Química,Química Quantitativa - Quantificação da matéria,Massa Atômica, Massa Molecular, Mol ,6,2,true
587,1621,EQUIPE_Y2019S01_EM3_CN_45Q,16807,ENEM-PARTICULAR,ÚNICO,2019,16807,3,Ciências da Natureza e suas Tecnologias,C1 - A Ciência no Cotidiano,C1-H4 - Avaliar propostas de intervenção no ambiente, considerando a qualidade da vida humana ou medidas de conservação, recuperação ou utilização sustentável da biodiversidade,7,3,true
587,1621,EQUIPE_Y2019S01_EM3_CN_45Q,16807,ENEM-PARTICULAR,ÚNICO,2019,16807,3,Química,Físico - Química - Termoquímica,Reações endo e exotérmicas,7,3,true
587,1621,EQUIPE_Y2019S01_EM3_CN_45Q,16809,ENEM-PARTICULAR,ÚNICO,2019,16809,3,Ciências da Natureza e suas Tecnologias,C5 - Metodologia Científica no Cotidiano,C5-H18 - Relacionar propriedades físicas, químicas ou biológicas de produtos, sistemas ou procedimentos tecnológicos às finalidades a que se destinam,8,1,true
587,1621,EQUIPE_Y2019S01_EM3_CN_45Q,16809,ENEM-PARTICULAR,ÚNICO,2019,16809,3,Química,Método Científico,Método Científico,8,1,true
587,1621,EQUIPE_Y2019S01_EM3_CN_45Q,16811,ENEM-PARTICULAR,ÚNICO,2019,16811,2,Química,Química do cotidiano,Química do cotidiano,9,2,true
587,1621,EQUIPE_Y2019S01_EM3_CN_45Q,16811,ENEM-PARTICULAR,ÚNICO,2019,16811,2,Ciências da Natureza e suas Tecnologias,C7 - Química,C7-H26 - Avaliar implicações sociais, ambientais e/ou econômicas na produção ou no consumo de recursos energéticos ou minerais,identificando transformações químicas ou de energia envolvidas nesses processos,9,2,true
587,1621,EQUIPE_Y2019S01_EM3_CN_45Q,16813,ENEM-PARTICULAR,ÚNICO,2019,16813,3,Física,Hidrostática,Densidade e massa específica,10,2,true
587,1621,EQUIPE_Y2019S01_EM3_CN_45Q,16813,ENEM-PARTICULAR,ÚNICO,2019,16813,3,Ciências da Natureza e suas Tecnologias,C7 - Química,C7-H24 - Utilizar códigos e nomenclatura da química para caracterizar materiais, substâncias ou transformações químicas,10,2,true
587,1621,EQUIPE_Y2019S01_EM3_CN_45Q,16816,ENEM-PARTICULAR,ÚNICO,2019,16815,3,Ciências da Natureza e suas Tecnologias,C7 - Química,C7-H25 - Caracterizar materiais ou substâncias, identificando etapas, rendimentos ou implicações biológicas, sociais, econômicas ou ambientais de sua obtenção ou produção,11,0,true
587,1621,EQUIPE_Y2019S01_EM3_CN_45Q,16816,ENEM-PARTICULAR,ÚNICO,2019,16815,3,Química,Química Ambiental,Poluição,11,0,true
587,1621,EQUIPE_Y2019S01_EM3_CN_45Q,16817,ENEM-PARTICULAR,ÚNICO,2019,16817,3,Ciências da Natureza e suas Tecnologias,C3 - Impacto Ambiental das Tecnologias,C3-H10 - Analisar perturbações ambientais, identificando fontes, transporte e(ou) destino dos poluentes ou prevendo efeitos em sistemas naturais, produtivos ou sociais,12,2,true
587,1621,EQUIPE_Y2019S01_EM3_CN_45Q,16817,ENEM-PARTICULAR,ÚNICO,2019,16817,3,Química,Química Ambiental,Poluição,12,2,true
587,1621,EQUIPE_Y2019S01_EM3_CN_45Q,16819,ENEM-PARTICULAR,ÚNICO,2019,16819,3,Química,Química Ambiental,Poluição,13,1,true
587,1621,EQUIPE_Y2019S01_EM3_CN_45Q,16819,ENEM-PARTICULAR,ÚNICO,2019,16819,3,Ciências da Natureza e suas Tecnologias,C3 - Impacto Ambiental das Tecnologias,C3-H12 - Avaliar impactos em ambientes naturais decorrentesde atividades sociais ou econômicas, considerando interesses contraditórios,13,1,true
587,1621,EQUIPE_Y2019S01_EM3_CN_45Q,16820,ENEM-PARTICULAR,ÚNICO,2019,16820,2,Ciências da Natureza e suas Tecnologias,C4 - Biologia Geral e Preventiva,C4-H15 - Interpretar modelos e experimentos para explicar fenômenos ou processos biológicos em qualquer nível de organização dos sistemas biológicos,14,3,true
587,1621,EQUIPE_Y2019S01_EM3_CN_45Q,16820,ENEM-PARTICULAR,ÚNICO,2019,16820,2,Biologia,Ecologia,Ecossistemas,14,3,true
587,1621,EQUIPE_Y2019S01_EM3_CN_45Q,16821,ENEM-PARTICULAR,ÚNICO,2019,16821,2,Ciências da Natureza e suas Tecnologias,C3 - Impacto Ambiental das Tecnologias,C3-H12 - Avaliar impactos em ambientes naturais decorrentesde atividades sociais ou econômicas, considerando interesses contraditórios,15,4,true
587,1621,EQUIPE_Y2019S01_EM3_CN_45Q,16821,ENEM-PARTICULAR,ÚNICO,2019,16821,2,Química,Química Ambiental,Poluição,15,4,true
587,1621,EQUIPE_Y2019S01_EM3_CN_45Q,16822,ENEM-PARTICULAR,ÚNICO,2019,16822,2,Biologia,Saúde Pública,Controle de Doenças,16,1,true
587,1621,EQUIPE_Y2019S01_EM3_CN_45Q,16822,ENEM-PARTICULAR,ÚNICO,2019,16822,2,Ciências da Natureza e suas Tecnologias,C8 - Ecossistemas, Biotecnologia e Saúde,C8-H30 - Avaliar propostas de alcance individual ou coletivo, identificando aquelas que visam à preservação e a implementação da saúde individual, coletiva ou do ambiente,16,1,true
587,1621,EQUIPE_Y2019S01_EM3_CN_45Q,16824,ENEM-PARTICULAR,ÚNICO,2019,16824,3,Ciências da Natureza e suas Tecnologias,C4 - Biologia Geral e Preventiva,C4-H13 - Reconhecer mecanismos de transmissão da vida, prevendo ou explicando a manifestação de características dos seres vivos,17,2,true
587,1621,EQUIPE_Y2019S01_EM3_CN_45Q,16826,ENEM-PARTICULAR,ÚNICO,2019,16826,2,Ciências da Natureza e suas Tecnologias,C4 - Biologia Geral e Preventiva,C4-H16 - Compreender o papel da evolução na produção de padrões, processos biológicos ou na organização taxonômica dos seres vivos,18,2,true
587,1621,EQUIPE_Y2019S01_EM3_CN_45Q,16826,ENEM-PARTICULAR,ÚNICO,2019,16826,2,Biologia,Evolução,Origem da Vida (Oparin, Haldane, Miller, Hipótese Heterotrófica, Hipótese Autotrófica),18,2,true
587,1621,EQUIPE_Y2019S01_EM3_CN_45Q,16828,ENEM-PARTICULAR,ÚNICO,2019,16828,4,Ciências da Natureza e suas Tecnologias,C5 - Metodologia Científica no Cotidiano,C5-H17 - Relacionar informações apresentadas em diferentes formas de linguagem e representação usadas nas ciências físicas, químicas ou biológicas, como texto discursivo, gráficos, tabelas, relações matemáticas ou linguagem simbólica,19,3,true
587,1621,EQUIPE_Y2019S01_EM3_CN_45Q,16828,ENEM-PARTICULAR,ÚNICO,2019,16828,4,Biologia,Fisiologia Humana,Sistema Nervoso,19,3,true
587,1621,EQUIPE_Y2019S01_EM3_CN_45Q,16830,ENEM-PARTICULAR,ÚNICO,2019,16830,3,Ciências da Natureza e suas Tecnologias,C8 - Ecossistemas, Biotecnologia e Saúde,C8-H28 - Associar características adaptativas dosorganismos com seu modo de vida ou com seus limites de distribuição em diferentesambientes, em especial em ambientes brasileiros,20,4,true
587,1621,EQUIPE_Y2019S01_EM3_CN_45Q,16830,ENEM-PARTICULAR,ÚNICO,2019,16830,3,Biologia,Fungos,Características Gerais,20,4,true
587,1621,EQUIPE_Y2019S01_EM3_CN_45Q,16832,ENEM-PARTICULAR,ÚNICO,2019,16832,2,Matemática,Aritmética,Grandezas e unidades de medida,21,1,true
587,1621,EQUIPE_Y2019S01_EM3_CN_45Q,16832,ENEM-PARTICULAR,ÚNICO,2019,16832,2,Ciências da Natureza e suas Tecnologias,C3 - Impacto Ambiental das Tecnologias,C3-H8 - Identificar etapas em processos de obtenção, transformação,utilização ou reciclagem de recursos naturais, energéticos ou matérias-primas, considerando processos biológicos, químicos ou físicos neles envolvidos,21,1,true
587,1621,EQUIPE_Y2019S01_EM3_CN_45Q,16832,ENEM-PARTICULAR,ÚNICO,2019,16832,2,Física,Energia,Tipos de energia e suas transformações,21,1,true
587,1621,EQUIPE_Y2019S01_EM3_CN_45Q,16834,ENEM-PARTICULAR,ÚNICO,2019,16834,2,Ciências da Natureza e suas Tecnologias,C3 - Impacto Ambiental das Tecnologias,C3-H9 - Compreender a importância dos ciclos biogeoquímicos ou do fluxo energia para a vida, ou da ação de agentes ou fenômenos que podem causar alterações nesses processos,22,0,true
587,1621,EQUIPE_Y2019S01_EM3_CN_45Q,16834,ENEM-PARTICULAR,ÚNICO,2019,16834,2,Química,Química Ambiental,Poluição,22,0,true
587,1621,EQUIPE_Y2019S01_EM3_CN_45Q,16836,ENEM-PARTICULAR,ÚNICO,2019,16836,2,Ciências da Natureza e suas Tecnologias,C1 - A Ciência no Cotidiano,C1-H2 - Associar a solução de problemas de comunicação, transporte, saúde ou outro, com o correspondente desenvolvimento científico e tecnológico,23,2,true
587,1621,EQUIPE_Y2019S01_EM3_CN_45Q,16836,ENEM-PARTICULAR,ÚNICO,2019,16836,2,Física,Óptica Geométrica,Lentes esféricas,23,2,true
587,1621,EQUIPE_Y2019S01_EM3_CN_45Q,16838,ENEM-PARTICULAR,ÚNICO,2019,16838,2,Ciências da Natureza e suas Tecnologias,C5 - Metodologia Científica no Cotidiano,C5-H19 - Avaliar métodos, processos ou procedimentos das ciências naturais que contribuam para diagnosticar ou solucionar problemas de ordem social, econômica ou ambiental,24,2,true
587,1621,EQUIPE_Y2019S01_EM3_CN_45Q,16838,ENEM-PARTICULAR,ÚNICO,2019,16838,2,Física,Calor e Temperatura,Dilatação de sólidos,24,2,true
587,1621,EQUIPE_Y2019S01_EM3_CN_45Q,16840,ENEM-PARTICULAR,ÚNICO,2019,16840,2,Física,Ondulatória,Ondas estacionárias,25,1,true
587,1621,EQUIPE_Y2019S01_EM3_CN_45Q,16840,ENEM-PARTICULAR,ÚNICO,2019,16840,2,Ciências da Natureza e suas Tecnologias,C1 - A Ciência no Cotidiano,C1-H1 - Reconhecer características ou propriedades de fenômenos ondulatórios ou oscilatórios, relacionando-os a seus usos em diferentes contextos,25,1,true
587,1621,EQUIPE_Y2019S01_EM3_CN_45Q,16841,ENEM-PARTICULAR,ÚNICO,2019,16841,2,Ciências da Natureza e suas Tecnologias,C1 - A Ciência no Cotidiano,C1-H1 - Reconhecer características ou propriedades de fenômenos ondulatórios ou oscilatórios, relacionando-os a seus usos em diferentes contextos,26,0,true
587,1621,EQUIPE_Y2019S01_EM3_CN_45Q,16841,ENEM-PARTICULAR,ÚNICO,2019,16841,2,Física,Ondulatória,Velocidade de propagação: equação fundamental da ondulatória,26,0,true
587,1621,EQUIPE_Y2019S01_EM3_CN_45Q,16842,ENEM-PARTICULAR,ÚNICO,2019,16842,2,Ciências da Natureza e suas Tecnologias,C2 - Eletricidade e Consumo Energético,C2-H7 - Selecionar testes de controle, parâmetros ou critérios para a comparação de materiais e produtos, tendo em vista a defesa do consumidor, a saúde dotrabalhador ou a qualidade de vida,27,2,true
587,1621,EQUIPE_Y2019S01_EM3_CN_45Q,16842,ENEM-PARTICULAR,ÚNICO,2019,16842,2,Física,Dinâmica,Leis de Newton,27,2,true
587,1621,EQUIPE_Y2019S01_EM3_CN_45Q,16843,ENEM-PARTICULAR,ÚNICO,2019,16843,2,Ciências da Natureza e suas Tecnologias,C1 - A Ciência no Cotidiano,C1-H3 - Confrontar interpretações científicas com interpretações baseadas no senso comum, ao longo do tempo ou em diferentes culturas,28,3,true
587,1621,EQUIPE_Y2019S01_EM3_CN_45Q,16843,ENEM-PARTICULAR,ÚNICO,2019,16843,2,Física,Cinemática em uma dimensão,Movimento Retilíneo Uniformente Variado,28,3,true
587,1621,EQUIPE_Y2019S01_EM3_CN_45Q,16844,ENEM-PARTICULAR,ÚNICO,2019,16844,3,Ciências da Natureza e suas Tecnologias,C5 - Metodologia Científica no Cotidiano,C5-H17 - Relacionar informações apresentadas em diferentes formas de linguagem e representação usadas nas ciências físicas, químicas ou biológicas, como texto discursivo, gráficos, tabelas, relações matemáticas ou linguagem simbólica,29,1,true
587,1621,EQUIPE_Y2019S01_EM3_CN_45Q,16844,ENEM-PARTICULAR,ÚNICO,2019,16844,3,Química,Química Quantitativa - Gases,Leis dos Gases ,29,1,true
587,1621,EQUIPE_Y2019S01_EM3_CN_45Q,16845,ENEM-PARTICULAR,ÚNICO,2019,16845,3,Ciências da Natureza e suas Tecnologias,C7 - Química,C7-H24 - Utilizar códigos e nomenclatura da química para caracterizar materiais, substâncias ou transformações químicas,30,0,true
587,1621,EQUIPE_Y2019S01_EM3_CN_45Q,16845,ENEM-PARTICULAR,ÚNICO,2019,16845,3,Química,Química Geral e Inorgânica - Ligações Químicas,Covalente, Iônica e Metálica,30,0,true
587,1621,EQUIPE_Y2019S01_EM3_CN_45Q,16846,ENEM-PARTICULAR,ÚNICO,2019,16846,3,Ciências da Natureza e suas Tecnologias,C2 - Eletricidade e Consumo Energético,C2-H7 - Selecionar testes de controle, parâmetros ou critérios para a comparação de materiais e produtos, tendo em vista a defesa do consumidor, a saúde dotrabalhador ou a qualidade de vida,31,2,true
587,1621,EQUIPE_Y2019S01_EM3_CN_45Q,16846,ENEM-PARTICULAR,ÚNICO,2019,16846,3,Química,Química Quantitativa - Estequiometria,Conceitos Gerais ,31,2,true
587,1621,EQUIPE_Y2019S01_EM3_CN_45Q,16847,ENEM-PARTICULAR,ÚNICO,2019,16847,2,Ciências da Natureza e suas Tecnologias,C8 - Ecossistemas, Biotecnologia e Saúde,C8-H28 - Associar características adaptativas dosorganismos com seu modo de vida ou com seus limites de distribuição em diferentesambientes, em especial em ambientes brasileiros,32,4,true
587,1621,EQUIPE_Y2019S01_EM3_CN_45Q,16847,ENEM-PARTICULAR,ÚNICO,2019,16847,2,Biologia,Metabolismo Energético,Fermentação e Quimiossíntese,32,4,true
587,1621,EQUIPE_Y2019S01_EM3_CN_45Q,16848,ENEM-PARTICULAR,ÚNICO,2019,16848,2,Biologia,Ecologia,Ecossistemas,33,1,true
587,1621,EQUIPE_Y2019S01_EM3_CN_45Q,16848,ENEM-PARTICULAR,ÚNICO,2019,16848,2,Ciências da Natureza e suas Tecnologias,C4 - Biologia Geral e Preventiva,C4-H14 - Identificar padrões em fenômenos e processos vitais dos organismos, como manutenção do equilíbrio interno, defesa, relações com o ambiente, sexualidade, entre outros,33,1,true
587,1621,EQUIPE_Y2019S01_EM3_CN_45Q,16849,ENEM-PARTICULAR,ÚNICO,2019,16849,2,Ciências da Natureza e suas Tecnologias,C5 - Metodologia Científica no Cotidiano,C5-H17 - Relacionar informações apresentadas em diferentes formas de linguagem e representação usadas nas ciências físicas, químicas ou biológicas, como texto discursivo, gráficos, tabelas, relações matemáticas ou linguagem simbólica,34,0,true
587,1621,EQUIPE_Y2019S01_EM3_CN_45Q,16850,ENEM-PARTICULAR,ÚNICO,2019,16850,3,Ciências da Natureza e suas Tecnologias,C3 - Impacto Ambiental das Tecnologias,C3-H10 - Analisar perturbações ambientais, identificando fontes, transporte e(ou) destino dos poluentes ou prevendo efeitos em sistemas naturais, produtivos ou sociais,35,1,true
587,1621,EQUIPE_Y2019S01_EM3_CN_45Q,16850,ENEM-PARTICULAR,ÚNICO,2019,16850,3,Física,Termodinâmica,Primeira Lei da Termodinâmica,35,1,true
587,1621,EQUIPE_Y2019S01_EM3_CN_45Q,16851,ENEM-PARTICULAR,ÚNICO,2019,16851,2,Ciências da Natureza e suas Tecnologias,C6 - Física,C6-H21 - Utilizar leis físicas e (ou) químicas para interpretar processos naturais ou tecnológicos inseridos no contexto da termodinâmica e(ou) do eletromagnetismo,36,2,true
587,1621,EQUIPE_Y2019S01_EM3_CN_45Q,16854,ENEM-PARTICULAR,ÚNICO,2019,16854,2,Física,Hidrostática,Densidade e massa específica,37,2,true
587,1621,EQUIPE_Y2019S01_EM3_CN_45Q,16854,ENEM-PARTICULAR,ÚNICO,2019,16854,2,Ciências da Natureza e suas Tecnologias,C5 - Metodologia Científica no Cotidiano,C5-H17 - Relacionar informações apresentadas em diferentes formas de linguagem e representação usadas nas ciências físicas, químicas ou biológicas, como texto discursivo, gráficos, tabelas, relações matemáticas ou linguagem simbólica,37,2,true
587,1621,EQUIPE_Y2019S01_EM3_CN_45Q,16856,ENEM-PARTICULAR,ÚNICO,2019,16856,2,Física,Calor e Temperatura,Calorimetria - Calor sensível e equação fundamental da calorimetria,38,2,true
587,1621,EQUIPE_Y2019S01_EM3_CN_45Q,16856,ENEM-PARTICULAR,ÚNICO,2019,16856,2,Ciências da Natureza e suas Tecnologias,C6 - Física,C6-H21 - Utilizar leis físicas e (ou) químicas para interpretar processos naturais ou tecnológicos inseridos no contexto da termodinâmica e(ou) do eletromagnetismo,38,2,true
587,1621,EQUIPE_Y2019S01_EM3_CN_45Q,16856,ENEM-PARTICULAR,ÚNICO,2019,16856,2,Física,Trabalho e Energia Mecânica,Potência,38,2,true
587,1621,EQUIPE_Y2019S01_EM3_CN_45Q,16858,ENEM-PARTICULAR,ÚNICO,2019,16858,2,Ciências da Natureza e suas Tecnologias,C6 - Física,C6-H20 - Caracterizar causas ou efeitos dos movimentos de partículas, substâncias, objetos ou corpos celestes,39,1,true
587,1621,EQUIPE_Y2019S01_EM3_CN_45Q,16858,ENEM-PARTICULAR,ÚNICO,2019,16858,2,Física,Energia,Conservação da Energia,39,1,true
587,1621,EQUIPE_Y2019S01_EM3_CN_45Q,16861,ENEM-PARTICULAR,ÚNICO,2019,16861,2,Ciências da Natureza e suas Tecnologias,C5 - Metodologia Científica no Cotidiano,C5-H18 - Relacionar propriedades físicas, químicas ou biológicas de produtos, sistemas ou procedimentos tecnológicos às finalidades a que se destinam,40,2,true
587,1621,EQUIPE_Y2019S01_EM3_CN_45Q,16861,ENEM-PARTICULAR,ÚNICO,2019,16861,2,Física,Hidrostática,Pressão hidrostática,40,2,true
587,1621,EQUIPE_Y2019S01_EM3_CN_45Q,16864,ENEM-PARTICULAR,ÚNICO,2019,16864,3,Ciências da Natureza e suas Tecnologias,C7 - Química,C7-H25 - Caracterizar materiais ou substâncias, identificando etapas, rendimentos ou implicações biológicas, sociais, econômicas ou ambientais de sua obtenção ou produção,41,0,true
587,1621,EQUIPE_Y2019S01_EM3_CN_45Q,16864,ENEM-PARTICULAR,ÚNICO,2019,16864,3,Química,Físico - Química - Soluções,Concentração comum, Molaridade, Título,41,0,true
587,1621,EQUIPE_Y2019S01_EM3_CN_45Q,16867,ENEM-PARTICULAR,ÚNICO,2019,16867,4,Ciências da Natureza e suas Tecnologias,C7 - Química,C7-H25 - Caracterizar materiais ou substâncias, identificando etapas, rendimentos ou implicações biológicas, sociais, econômicas ou ambientais de sua obtenção ou produção,42,0,true
587,1621,EQUIPE_Y2019S01_EM3_CN_45Q,16867,ENEM-PARTICULAR,ÚNICO,2019,16867,4,Química,Físico - Química - Equilíbrio Químico,Hidrólise Salina e Produto de Solubilidade,42,0,true
587,1621,EQUIPE_Y2019S01_EM3_CN_45Q,16869,ENEM-PARTICULAR,ÚNICO,2019,16869,2,Ciências da Natureza e suas Tecnologias,C8 - Ecossistemas, Biotecnologia e Saúde,C8-H29 - Interpretar experimentos ou técnicas que utilizam seres vivos, analisando implicações para o ambiente,a saúde, a produção de alimentos, matérias primas ou produtos industriais,43,0,true
587,1621,EQUIPE_Y2019S01_EM3_CN_45Q,16869,ENEM-PARTICULAR,ÚNICO,2019,16869,2,Biologia,Saúde Pública,Controle de Doenças,43,0,true
587,1621,EQUIPE_Y2019S01_EM3_CN_45Q,16871,ENEM-PARTICULAR,ÚNICO,2019,16871,2,Ciências da Natureza e suas Tecnologias,C4 - Biologia Geral e Preventiva,C4-H13 - Reconhecer mecanismos de transmissão da vida, prevendo ou explicando a manifestação de características dos seres vivos,44,3,true
587,1621,EQUIPE_Y2019S01_EM3_CN_45Q,16871,ENEM-PARTICULAR,ÚNICO,2019,16871,2,Biologia,Genética,Probabilidade,44,3,true
587,1621,EQUIPE_Y2019S01_EM3_CN_45Q,16874,ENEM-PARTICULAR,ÚNICO,2019,16874,3,Biologia,Citologia,Núcleo (Características Gerais, Divisão Celular),45,0,true
587,1621,EQUIPE_Y2019S01_EM3_CN_45Q,16874,ENEM-PARTICULAR,ÚNICO,2019,16874,3,Ciências da Natureza e suas Tecnologias,C5 - Metodologia Científica no Cotidiano,C5-H17 - Relacionar informações apresentadas em diferentes formas de linguagem e representação usadas nas ciências físicas, químicas ou biológicas, como texto discursivo, gráficos, tabelas, relações matemáticas ou linguagem simbólica,45,0,true
587,1622,EQUIPE_Y2019S01_EM3_MT_45Q,16801,ENEM-PARTICULAR,ÚNICO,2019,16801,2,Matemática,Geometria plana,Perímetro,1,0,true
587,1622,EQUIPE_Y2019S01_EM3_MT_45Q,16801,ENEM-PARTICULAR,ÚNICO,2019,16801,2,Matemática e suas Tecnologias,C3 - Grandezas, Medidas e Unidades,C3-H12 - Resolver situação-problema que envolva medidas de grandezas,1,0,true
587,1622,EQUIPE_Y2019S01_EM3_MT_45Q,16804,ENEM-PARTICULAR,ÚNICO,2019,16804,2,Matemática,Geometria plana,Ângulos: definição e unidades de medida,2,2,true
587,1622,EQUIPE_Y2019S01_EM3_MT_45Q,16804,ENEM-PARTICULAR,ÚNICO,2019,16804,2,Matemática,Geometria plana,Geometria das transformações: rotação, reflexão e translação,2,2,true
587,1622,EQUIPE_Y2019S01_EM3_MT_45Q,16804,ENEM-PARTICULAR,ÚNICO,2019,16804,2,Matemática e suas Tecnologias,C2 - Geometria,C2-H6 - Interpretar a localização e a movimentação em 3D ou 2D,2,2,true
587,1622,EQUIPE_Y2019S01_EM3_MT_45Q,16806,ENEM-PARTICULAR,ÚNICO,2019,16806,3,Matemática,Aritmética,Múltiplos e divisores,3,2,true
587,1622,EQUIPE_Y2019S01_EM3_MT_45Q,16806,ENEM-PARTICULAR,ÚNICO,2019,16806,3,Matemática e suas Tecnologias,C1 - Teoria dos Números - Aritmética Elementar,C1-H3 - Resolver situação-problema envolvendo conhecimentos numéricos,3,2,true
587,1622,EQUIPE_Y2019S01_EM3_MT_45Q,16808,ENEM-PARTICULAR,ÚNICO,2019,16808,2,Matemática,Aritmética,Razão e proporção,4,0,true
587,1622,EQUIPE_Y2019S01_EM3_MT_45Q,16808,ENEM-PARTICULAR,ÚNICO,2019,16808,2,Matemática e suas Tecnologias,C4 - Variação de Grandezas e Percentagem,C4-H18 - Avaliar propostas de intervenção na realidade envolvendo variação de grandezas,4,0,true
587,1622,EQUIPE_Y2019S01_EM3_MT_45Q,16810,ENEM-PARTICULAR,ÚNICO,2019,16810,2,Matemática,Aritmética,Sistemas de numeração,5,1,true
587,1622,EQUIPE_Y2019S01_EM3_MT_45Q,16810,ENEM-PARTICULAR,ÚNICO,2019,16810,2,Matemática e suas Tecnologias,C1 - Teoria dos Números - Aritmética Elementar,C1-H1 - Significado e representações dos naturais, inteiros, racionais e reais,5,1,true
587,1622,EQUIPE_Y2019S01_EM3_MT_45Q,16812,ENEM-PARTICULAR,ÚNICO,2019,16812,3,Matemática e suas Tecnologias,C3 - Grandezas, Medidas e Unidades,C3-H12 - Resolver situação-problema que envolva medidas de grandezas,6,1,true
587,1622,EQUIPE_Y2019S01_EM3_MT_45Q,16812,ENEM-PARTICULAR,ÚNICO,2019,16812,3,Matemática,Aritmética,Grandezas e unidades de medida,6,1,true
587,1622,EQUIPE_Y2019S01_EM3_MT_45Q,16814,ENEM-PARTICULAR,ÚNICO,2019,16814,3,Matemática e suas Tecnologias,C4 - Variação de Grandezas e Percentagem,C4-H15 - Identificar a relação de dependência entre grandezas,7,2,true
587,1622,EQUIPE_Y2019S01_EM3_MT_45Q,16814,ENEM-PARTICULAR,ÚNICO,2019,16814,3,Matemática,Aritmética,Razão e proporção,7,2,true
587,1622,EQUIPE_Y2019S01_EM3_MT_45Q,16815,ENEM-PARTICULAR,ÚNICO,2019,16815,2,Matemática e suas Tecnologias,C4 - Variação de Grandezas e Percentagem,C4-H16 - Resolver situação-problema envolvendo grandezas direta ou inversamente proporcionais,8,3,true
587,1622,EQUIPE_Y2019S01_EM3_MT_45Q,16815,ENEM-PARTICULAR,ÚNICO,2019,16815,2,Matemática,Aritmética,Razão e proporção,8,3,true
587,1622,EQUIPE_Y2019S01_EM3_MT_45Q,16818,ENEM-PARTICULAR,ÚNICO,2019,16818,2,Matemática e suas Tecnologias,C6 - Interpretação de Gráficos e Tabelas,C6-H25 - Resolver problema com dados apresentados em tabelas ou gráficos,9,4,true
587,1622,EQUIPE_Y2019S01_EM3_MT_45Q,16818,ENEM-PARTICULAR,ÚNICO,2019,16818,2,Matemática,Visualização de Dados,Gráfico cartesiano,9,4,true
587,1622,EQUIPE_Y2019S01_EM3_MT_45Q,16823,ENEM-PARTICULAR,ÚNICO,2019,16823,2,Matemática e suas Tecnologias,C1 - Teoria dos Números - Aritmética Elementar,C1-H5 - Avaliar propostas de intervenção na realidade utilizando conhecimentos numéricos,10,2,true
587,1622,EQUIPE_Y2019S01_EM3_MT_45Q,16823,ENEM-PARTICULAR,ÚNICO,2019,16823,2,Matemática,Aritmética,Porcentagem,10,2,true
587,1622,EQUIPE_Y2019S01_EM3_MT_45Q,16825,ENEM-PARTICULAR,ÚNICO,2019,16825,3,Matemática e suas Tecnologias,C5 - Álgebra,C5-H22 - Construir argumentos utilizando conhecimentos algébricos/geométricos,11,3,true
587,1622,EQUIPE_Y2019S01_EM3_MT_45Q,16825,ENEM-PARTICULAR,ÚNICO,2019,16825,3,Matemática,Equações e inequações,Inequação do 1º grau,11,3,true
587,1622,EQUIPE_Y2019S01_EM3_MT_45Q,16827,ENEM-PARTICULAR,ÚNICO,2019,16827,2,Matemática,Aritmética,Razão e proporção,12,4,true
587,1622,EQUIPE_Y2019S01_EM3_MT_45Q,16827,ENEM-PARTICULAR,ÚNICO,2019,16827,2,Matemática e suas Tecnologias,C4 - Variação de Grandezas e Percentagem,C4-H16 - Resolver situação-problema envolvendo grandezas direta ou inversamente proporcionais,12,4,true
587,1622,EQUIPE_Y2019S01_EM3_MT_45Q,16829,ENEM-PARTICULAR,ÚNICO,2019,16829,2,Matemática e suas Tecnologias,C6 - Interpretação de Gráficos e Tabelas,C6-H26 - Construir argumentos baseados em gráficos ou tabelas,13,3,true
587,1622,EQUIPE_Y2019S01_EM3_MT_45Q,16829,ENEM-PARTICULAR,ÚNICO,2019,16829,2,Matemática,Funções,Função do 1º grau (afim),13,3,true
587,1622,EQUIPE_Y2019S01_EM3_MT_45Q,16831,ENEM-PARTICULAR,ÚNICO,2019,16831,3,Matemática e suas Tecnologias,C5 - Álgebra,C5-H22 - Construir argumentos utilizando conhecimentos algébricos/geométricos,14,2,true
587,1622,EQUIPE_Y2019S01_EM3_MT_45Q,16831,ENEM-PARTICULAR,ÚNICO,2019,16831,3,Matemática,Equações e inequações,Inequação do 2º grau,14,2,true
587,1622,EQUIPE_Y2019S01_EM3_MT_45Q,16833,ENEM-PARTICULAR,ÚNICO,2019,16833,2,Matemática e suas Tecnologias,C1 - Teoria dos Números - Aritmética Elementar,C1-H3 - Resolver situação-problema envolvendo conhecimentos numéricos,15,4,true
587,1622,EQUIPE_Y2019S01_EM3_MT_45Q,16833,ENEM-PARTICULAR,ÚNICO,2019,16833,2,Matemática,Aritmética,Múltiplos e divisores,15,4,true
587,1622,EQUIPE_Y2019S01_EM3_MT_45Q,16835,ENEM-PARTICULAR,ÚNICO,2019,16835,2,Matemática e suas Tecnologias,C7 - Probabilidade e Estatística,C7-H27 - Calcular a tendência central ou de dispersão de um conjunto de dados,16,1,true
587,1622,EQUIPE_Y2019S01_EM3_MT_45Q,16835,ENEM-PARTICULAR,ÚNICO,2019,16835,2,Matemática,Estatística,Valores centrais: média, mediana, moda,16,1,true
587,1622,EQUIPE_Y2019S01_EM3_MT_45Q,16837,ENEM-PARTICULAR,ÚNICO,2019,16837,2,Matemática e suas Tecnologias,C5 - Álgebra,C5-H20 - Interpretar gráfico cartesiano que represente relações entre grandezas,17,1,true
587,1622,EQUIPE_Y2019S01_EM3_MT_45Q,16837,ENEM-PARTICULAR,ÚNICO,2019,16837,2,Matemática,Funções,Representação de funções no gráfico cartesiano,17,1,true
587,1622,EQUIPE_Y2019S01_EM3_MT_45Q,16839,ENEM-PARTICULAR,ÚNICO,2019,16839,3,Matemática e suas Tecnologias,C5 - Álgebra,C5-H19 - Identificar representações algébricas que expressem a relação entre grandezas,18,1,true
587,1622,EQUIPE_Y2019S01_EM3_MT_45Q,16839,ENEM-PARTICULAR,ÚNICO,2019,16839,3,Matemática,Sistemas Lineares,Resolução de sistemas lineares,18,1,true
587,1622,EQUIPE_Y2019S01_EM3_MT_45Q,16936,ENEM-PARTICULAR,ÚNICO,2019,16936,2,Matemática e suas Tecnologias,C2 - Geometria,C2-H8 - Resolver situação-problema que envolva geometria,19,2,true
587,1622,EQUIPE_Y2019S01_EM3_MT_45Q,16936,ENEM-PARTICULAR,ÚNICO,2019,16936,2,Matemática,Geometria plana,Triângulo: Teorema de Pitágoras,19,2,true
587,1622,EQUIPE_Y2019S01_EM3_MT_45Q,16937,ENEM-PARTICULAR,ÚNICO,2019,16937,4,Matemática e suas Tecnologias,C2 - Geometria,C2-H6 - Interpretar a localização e a movimentação em 3D ou 2D,20,0,true
587,1622,EQUIPE_Y2019S01_EM3_MT_45Q,16937,ENEM-PARTICULAR,ÚNICO,2019,16937,4,Matemática,Geometria espacial,Projeções no plano,20,0,true
587,1622,EQUIPE_Y2019S01_EM3_MT_45Q,16938,ENEM-PARTICULAR,ÚNICO,2019,16938,2,Matemática e suas Tecnologias,C3 - Grandezas, Medidas e Unidades,C3-H12 - Resolver situação-problema que envolva medidas de grandezas,21,4,true
587,1622,EQUIPE_Y2019S01_EM3_MT_45Q,16938,ENEM-PARTICULAR,ÚNICO,2019,16938,2,Matemática,Aritmética,Grandezas e unidades de medida,21,4,true
587,1622,EQUIPE_Y2019S01_EM3_MT_45Q,16940,ENEM-PARTICULAR,ÚNICO,2019,16940,4,Matemática e suas Tecnologias,C4 - Variação de Grandezas e Percentagem,C4-H17 - Construir de argumentos baseados na variação de grandezas,22,3,true
587,1622,EQUIPE_Y2019S01_EM3_MT_45Q,16940,ENEM-PARTICULAR,ÚNICO,2019,16940,4,Matemática,Aritmética,Porcentagem,22,3,true
587,1622,EQUIPE_Y2019S01_EM3_MT_45Q,16939,ENEM-PARTICULAR,ÚNICO,2019,16939,2,Matemática e suas Tecnologias,C1 - Teoria dos Números - Aritmética Elementar,C1-H4 - Construção de argumentos sobre afirmações quantitativas,23,0,true
587,1622,EQUIPE_Y2019S01_EM3_MT_45Q,16939,ENEM-PARTICULAR,ÚNICO,2019,16939,2,Matemática,Aritmética,Operações Básicas ,23,0,true
587,1622,EQUIPE_Y2019S01_EM3_MT_45Q,16942,ENEM-PARTICULAR,ÚNICO,2019,16942,2,Matemática,Aritmética,Razão e proporção,24,0,true
587,1622,EQUIPE_Y2019S01_EM3_MT_45Q,16942,ENEM-PARTICULAR,ÚNICO,2019,16942,2,Matemática e suas Tecnologias,C4 - Variação de Grandezas e Percentagem,C4-H18 - Avaliar propostas de intervenção na realidade envolvendo variação de grandezas,24,0,true
587,1622,EQUIPE_Y2019S01_EM3_MT_45Q,16941,ENEM-PARTICULAR,ÚNICO,2019,16941,3,Matemática e suas Tecnologias,C1 - Teoria dos Números - Aritmética Elementar,C1-H1 - Significado e representações dos naturais, inteiros, racionais e reais,25,2,true
587,1622,EQUIPE_Y2019S01_EM3_MT_45Q,16941,ENEM-PARTICULAR,ÚNICO,2019,16941,3,Matemática,Aritmética,Logaritmos,25,2,true
587,1622,EQUIPE_Y2019S01_EM3_MT_45Q,16944,ENEM-PARTICULAR,ÚNICO,2019,16944,2,Matemática e suas Tecnologias,C1 - Teoria dos Números - Aritmética Elementar,C1-H4 - Construção de argumentos sobre afirmações quantitativas,26,3,true
587,1622,EQUIPE_Y2019S01_EM3_MT_45Q,16944,ENEM-PARTICULAR,ÚNICO,2019,16944,2,Matemática,Aritmética,Múltiplos e divisores,26,3,true
587,1622,EQUIPE_Y2019S01_EM3_MT_45Q,16943,ENEM-PARTICULAR,ÚNICO,2019,16943,3,Matemática,Geometria espacial,Planificação,27,3,true
587,1622,EQUIPE_Y2019S01_EM3_MT_45Q,16943,ENEM-PARTICULAR,ÚNICO,2019,16943,3,Matemática e suas Tecnologias,C2 - Geometria,C2-H9 - Selecionar argumentos propostos como solução de problemas do cotidiano,27,3,true
587,1622,EQUIPE_Y2019S01_EM3_MT_45Q,16961,ENEM-PARTICULAR,ÚNICO,2019,16961,2,Matemática,Aritmética,Razão e proporção,28,2,true
587,1622,EQUIPE_Y2019S01_EM3_MT_45Q,16961,ENEM-PARTICULAR,ÚNICO,2019,16961,2,Matemática e suas Tecnologias,C6 - Interpretação de Gráficos e Tabelas,C6-H25 - Resolver problema com dados apresentados em tabelas ou gráficos,28,2,true
587,1622,EQUIPE_Y2019S01_EM3_MT_45Q,16945,ENEM-PARTICULAR,ÚNICO,2019,16945,2,Matemática,Probabilidade,Probabilidade condicional,29,1,true
587,1622,EQUIPE_Y2019S01_EM3_MT_45Q,16945,ENEM-PARTICULAR,ÚNICO,2019,16945,2,Matemática e suas Tecnologias,C7 - Probabilidade e Estatística,C7-H29 - Construir argumentos utilizando estatística e probabilidade,29,1,true
587,1622,EQUIPE_Y2019S01_EM3_MT_45Q,16946,ENEM-PARTICULAR,ÚNICO,2019,16946,4,Matemática,Geometria espacial,Troncos (cone e pirâmide),30,4,true
587,1622,EQUIPE_Y2019S01_EM3_MT_45Q,16946,ENEM-PARTICULAR,ÚNICO,2019,16946,4,Matemática,Geometria espacial,Cilindro,30,4,true
587,1622,EQUIPE_Y2019S01_EM3_MT_45Q,16946,ENEM-PARTICULAR,ÚNICO,2019,16946,4,Matemática,Geometria espacial,Noção de volume e área externa,30,4,true
587,1622,EQUIPE_Y2019S01_EM3_MT_45Q,16946,ENEM-PARTICULAR,ÚNICO,2019,16946,4,Matemática e suas Tecnologias,C6 - Interpretação de Gráficos e Tabelas,C6-H26 - Construir argumentos baseados em gráficos ou tabelas,30,4,true
587,1622,EQUIPE_Y2019S01_EM3_MT_45Q,16947,ENEM-PARTICULAR,ÚNICO,2019,16947,2,Matemática,Análise Combinatória,Princípio fundamental da contagem,31,3,true
587,1622,EQUIPE_Y2019S01_EM3_MT_45Q,16947,ENEM-PARTICULAR,ÚNICO,2019,16947,2,Matemática e suas Tecnologias,C7 - Probabilidade e Estatística,C7-H28 - Resolver situação-problema que envolva conhecimentos de estatística e probabilidade,31,3,true
587,1622,EQUIPE_Y2019S01_EM3_MT_45Q,16948,ENEM-PARTICULAR,ÚNICO,2019,16948,2,Matemática,Geometria plana,Triângulos: área,32,2,true
587,1622,EQUIPE_Y2019S01_EM3_MT_45Q,16948,ENEM-PARTICULAR,ÚNICO,2019,16948,2,Matemática e suas Tecnologias,C2 - Geometria,C2-H8 - Resolver situação-problema que envolva geometria,32,2,true
587,1622,EQUIPE_Y2019S01_EM3_MT_45Q,16949,ENEM-PARTICULAR,ÚNICO,2019,16949,2,Matemática,Geometria plana,Quadriláteros: área,33,4,true
587,1622,EQUIPE_Y2019S01_EM3_MT_45Q,16949,ENEM-PARTICULAR,ÚNICO,2019,16949,2,Matemática e suas Tecnologias,C5 - Álgebra,C5-H21 - Resolver situação-problema cuja modelagem envolva conhecimentos algébricos,33,4,true
587,1622,EQUIPE_Y2019S01_EM3_MT_45Q,16950,ENEM-PARTICULAR,ÚNICO,2019,16450,2,Matemática e suas Tecnologias,C7 - Probabilidade e Estatística,C7-H27 - Calcular a tendência central ou de dispersão de um conjunto de dados,34,1,true
587,1622,EQUIPE_Y2019S01_EM3_MT_45Q,16950,ENEM-PARTICULAR,ÚNICO,2019,16450,2,Matemática,Aritmética,Média aritmética (comum e ponderada),34,1,true
587,1622,EQUIPE_Y2019S01_EM3_MT_45Q,16951,ENEM-PARTICULAR,ÚNICO,2019,16951,3,Matemática e suas Tecnologias,C5 - Álgebra,C5-H21 - Resolver situação-problema cuja modelagem envolva conhecimentos algébricos,35,1,true
587,1622,EQUIPE_Y2019S01_EM3_MT_45Q,16951,ENEM-PARTICULAR,ÚNICO,2019,16951,3,Matemática,Sequências numéricas,Propriedades das PAs ,35,1,true
587,1622,EQUIPE_Y2019S01_EM3_MT_45Q,16952,ENEM-PARTICULAR,ÚNICO,2019,16952,2,Matemática,Sistemas Lineares,Resolução de sistemas lineares,36,1,true
587,1622,EQUIPE_Y2019S01_EM3_MT_45Q,16952,ENEM-PARTICULAR,ÚNICO,2019,16952,2,Matemática e suas Tecnologias,C4 - Variação de Grandezas e Percentagem,C4-H17 - Construir de argumentos baseados na variação de grandezas,36,1,true
587,1622,EQUIPE_Y2019S01_EM3_MT_45Q,16953,ENEM-PARTICULAR,ÚNICO,2019,16953,2,Matemática,Aritmética,Noções de escala,37,1,true
587,1622,EQUIPE_Y2019S01_EM3_MT_45Q,16953,ENEM-PARTICULAR,ÚNICO,2019,16953,2,Matemática e suas Tecnologias,C3 - Grandezas, Medidas e Unidades,C3-H11 - Utilizar a noção de escalas na leitura de representação de situação do cotidiano,37,1,true
587,1622,EQUIPE_Y2019S01_EM3_MT_45Q,16954,ENEM-PARTICULAR,ÚNICO,2019,16954,3,Matemática,Sequências numéricas,Soma de infinitos termos de uma PG,38,4,true
587,1622,EQUIPE_Y2019S01_EM3_MT_45Q,16954,ENEM-PARTICULAR,ÚNICO,2019,16954,3,Matemática e suas Tecnologias,C1 - Teoria dos Números - Aritmética Elementar,C1-H2 - Identificar padrões numéricos ou princípios de contagem,38,4,true
587,1622,EQUIPE_Y2019S01_EM3_MT_45Q,16955,ENEM-PARTICULAR,ÚNICO,2019,16955,3,Matemática,Geometria plana,Triângulo: semelhança,39,2,true
587,1622,EQUIPE_Y2019S01_EM3_MT_45Q,16955,ENEM-PARTICULAR,ÚNICO,2019,16955,3,Matemática e suas Tecnologias,C3 - Grandezas, Medidas e Unidades,C3-H14 - Avaliar proposta de intervenção na realidade utilizando grandezas e medidas,39,2,true
587,1622,EQUIPE_Y2019S01_EM3_MT_45Q,16956,ENEM-PARTICULAR,ÚNICO,2019,16956,3,Matemática,Equações e inequações,Inequação do 1º grau,40,1,true
587,1622,EQUIPE_Y2019S01_EM3_MT_45Q,16956,ENEM-PARTICULAR,ÚNICO,2019,16956,3,Matemática e suas Tecnologias,C3 - Grandezas, Medidas e Unidades,C3-H13 - Avaliar o resultado de uma medição na construção de um argumento consistente,40,1,true
587,1622,EQUIPE_Y2019S01_EM3_MT_45Q,16957,ENEM-PARTICULAR,ÚNICO,2019,16857,2,Matemática,Aritmética,Razão e proporção,41,0,true
587,1622,EQUIPE_Y2019S01_EM3_MT_45Q,16957,ENEM-PARTICULAR,ÚNICO,2019,16857,2,Matemática e suas Tecnologias,C3 - Grandezas, Medidas e Unidades,C3-H10 - Identificar relações entre grandezas e unidades de medida,41,0,true
587,1622,EQUIPE_Y2019S01_EM3_MT_45Q,16641,ENEM-PARTICULAR,ÚNICO,2018,16641,2,Matemática,Aritmética,Grandezas e unidades de medida,42,0,true
587,1622,EQUIPE_Y2019S01_EM3_MT_45Q,16641,ENEM-PARTICULAR,ÚNICO,2018,16641,2,Matemática e suas Tecnologias,C3 - Grandezas, Medidas e Unidades,C3-H10 - Identificar relações entre grandezas e unidades de medida,42,0,true
587,1622,EQUIPE_Y2019S01_EM3_MT_45Q,16958,ENEM-PARTICULAR,ÚNICO,2019,16958,3,Matemática,Trigonometria,Funções trigonométricas,43,0,true
587,1622,EQUIPE_Y2019S01_EM3_MT_45Q,16958,ENEM-PARTICULAR,ÚNICO,2019,16958,3,Matemática e suas Tecnologias,C3 - Grandezas, Medidas e Unidades,C3-H13 - Avaliar o resultado de uma medição na construção de um argumento consistente,43,0,true
587,1622,EQUIPE_Y2019S01_EM3_MT_45Q,16959,ENEM-PARTICULAR,ÚNICO,2019,16959,2,Matemática,Geometria plana,Noção de área,44,2,true
587,1622,EQUIPE_Y2019S01_EM3_MT_45Q,16959,ENEM-PARTICULAR,ÚNICO,2019,16959,2,Matemática e suas Tecnologias,C3 - Grandezas, Medidas e Unidades,C3-H10 - Identificar relações entre grandezas e unidades de medida,44,2,true
587,1622,EQUIPE_Y2019S01_EM3_MT_45Q,16960,ENEM-PARTICULAR,ÚNICO,2019,16960,3,Matemática e suas Tecnologias,C2 - Geometria,C2-H9 - Selecionar argumentos propostos como solução de problemas do cotidiano,45,4,true
587,1622,EQUIPE_Y2019S01_EM3_MT_45Q,16960,ENEM-PARTICULAR,ÚNICO,2019,16960,3,Matemática,Geometria plana,Círculo: área,45,4,true
587,1622,EQUIPE_Y2019S01_EM3_MT_45Q,16960,ENEM-PARTICULAR,ÚNICO,2019,16960,3,Matemática,Geometria plana,Triângulos: área,45,4,true
587,1622,EQUIPE_Y2019S01_EM3_MT_45Q,16960,ENEM-PARTICULAR,ÚNICO,2019,16960,3,Matemática,Geometria plana,Noção de área,45,4,true
